City_ID,City,Country,Date,Lat,Lng,Max Temp,Humidity,Cloudiness,Wind Speed
0,Rikitea,PF,2022-12-30 19:43:55,-23.1203,-134.9692,298.19,71,63,1.49
1,Kavieng,PG,2022-12-30 19:43:55,-2.5744,150.7967,300.3,73,100,0.71
2,Nikolskoye,RU,2022-12-30 19:43:55,59.7035,30.7861,276.09,99,100,2.48
3,Soyo,AO,2022-12-30 19:43:56,-6.1349,12.3689,299.26,86,100,2.19
4,Bangkalan,ID,2022-12-30 19:43:56,-7.0455,112.7351,298.12,92,100,3.93
5,Barrow,US,2022-12-30 19:43:00,71.2906,-156.7887,255.16,78,100,4.12
6,Port Alfred,ZA,2022-12-30 19:43:57,-33.5906,26.891,292.69,74,95,0.45
7,Mahon,ES,2022-12-30 19:43:57,39.8885,4.2658,288.46,88,20,2.57
8,Longyearbyen,SJ,2022-12-30 19:43:57,78.2186,15.6401,268.06,74,40,8.23
9,Qaanaaq,GL,2022-12-30 19:43:58,77.484,-69.3632,242.43,67,21,3.44
10,Ketchikan,US,2022-12-30 19:43:58,55.3422,-131.6461,276.41,100,100,0.0
11,Busselton,AU,2022-12-30 19:43:58,-33.65,115.3333,288.92,81,100,4.33
12,Saint George,US,2022-12-30 19:42:56,37.1041,-113.5841,279.5,76,100,0.0
13,Butaritari,KI,2022-12-30 19:43:59,3.0707,172.7902,300.12,79,46,6.51
14,Sompeta,IN,2022-12-30 19:43:59,18.9333,84.6,293.8,86,1,1.76
15,Avarua,CK,2022-12-30 19:44:00,-21.2078,-159.775,301.18,74,75,2.57
16,Thompson,CA,2022-12-30 19:44:00,55.7435,-97.8558,259.24,78,100,0.0
17,Punta Arenas,CL,2022-12-30 19:39:16,-53.15,-70.9167,287.16,50,40,13.89
18,Bacolod,PH,2022-12-30 19:44:01,10.6667,122.95,297.89,89,100,2.64
19,Kalemie,CD,2022-12-30 19:44:01,-5.9475,29.1947,293.68,88,77,1.38
20,Souillac,MU,2022-12-30 19:44:02,-20.5167,57.5167,297.36,78,20,1.54
21,Lakes Entrance,AU,2022-12-30 19:44:00,-37.8811,147.981,290.46,83,97,1.74
22,Kruisfontein,ZA,2022-12-30 19:44:03,-34.0033,24.7314,290.31,71,95,4.34
23,Saint Anthony,US,2022-12-30 19:42:13,45.0205,-93.218,268.71,71,0,4.12
24,Vaini,TO,2022-12-30 19:44:04,-21.2,-175.2,297.24,100,75,2.06
25,Dryden,CA,2022-12-30 19:44:05,49.7833,-92.7503,260.31,92,100,5.66
26,Taltal,CL,2022-12-30 19:44:05,-25.4,-70.4833,293.68,66,15,2.51
27,Mataura,NZ,2022-12-30 19:44:06,-46.1927,168.8643,285.56,67,11,0.55
28,San Quintin,MX,2022-12-30 19:44:06,30.4833,-115.95,291.06,67,10,6.07
29,Valparaiso,CL,2022-12-30 19:41:57,-33.0393,-71.6273,292.95,77,75,5.66
30,Pisco,PE,2022-12-30 19:44:07,-13.7,-76.2167,297.18,73,0,11.32
31,Atuona,PF,2022-12-30 19:44:08,-9.8,-139.0333,298.66,74,5,8.19
32,Yellowknife,CA,2022-12-30 19:35:01,62.456,-114.3525,260.44,85,75,4.63
33,Egvekinot,RU,2022-12-30 19:44:08,66.3167,-179.1667,248.04,87,100,4.95
34,Ponta Do Sol,PT,2022-12-30 19:44:09,32.6667,-17.1,293.5,70,70,3.59
35,Wanning,CN,2022-12-30 19:44:09,18.8003,110.3967,288.42,82,94,4.54
36,Chuy,UY,2022-12-30 19:44:10,-33.6971,-53.4616,301.29,42,1,6.83
37,Juneau,US,2022-12-30 19:42:11,58.3019,-134.4197,274.32,97,100,1.54
38,Esperance,AU,2022-12-30 19:44:11,-33.8667,121.9,293.68,58,5,8.17
39,Hobart,AU,2022-12-30 19:43:00,-42.8794,147.3294,289.41,97,100,2.06
40,Springdale,US,2022-12-30 19:44:11,36.1867,-94.1288,287.06,52,0,3.6
41,Flin Flon,CA,2022-12-30 19:44:12,54.7682,-101.865,255.06,65,40,2.06
42,Tabriz,IR,2022-12-30 19:43:01,38.08,46.2919,270.85,59,20,2.06
43,Los Llanos De Aridane,ES,2022-12-30 19:44:12,28.6585,-17.9182,292.66,62,0,1.54
44,Roma,US,2022-12-30 19:40:47,43.2128,-75.4557,286.53,72,100,2.57
45,Jamestown,US,2022-12-30 19:46:15,42.097,-79.2353,287.95,67,75,6.17
46,Nabire,ID,2022-12-30 19:46:48,-3.3667,135.4833,296.44,93,100,0.21
47,Port Elizabeth,ZA,2022-12-30 19:46:49,-33.918,25.5701,292.31,72,0,5.66
48,Oriximina,BR,2022-12-30 19:46:46,-1.7656,-55.8661,303.14,62,96,2.58
49,Ushuaia,AR,2022-12-30 19:44:57,-54.8,-68.3,284.94,53,75,15.95
50,Bluff,NZ,2022-12-30 19:46:49,-46.6,168.3333,284.56,71,12,2.49
51,Kapit,MY,2022-12-30 19:46:50,2.0167,112.9333,294.63,98,92,0.25
52,Hithadhoo,MV,2022-12-30 19:46:50,-0.6,73.0833,299.89,74,48,2.68
53,Khatanga,RU,2022-12-30 19:46:51,71.9667,102.5,251.23,86,59,8.66
54,Santa Ana,US,2022-12-30 19:46:51,33.7456,-117.8678,289.73,87,100,2.06
55,Cidreira,BR,2022-12-30 19:46:51,-30.1811,-50.2056,296.75,69,0,6.53
56,East London,ZA,2022-12-30 19:46:52,-33.0153,27.9116,292.25,67,97,4.76
57,Kodiak,US,2022-12-30 19:46:52,57.79,-152.4072,273.88,80,40,0.0
58,Kasongo-Lunda,CD,2022-12-30 19:46:52,-6.4667,16.8167,293.98,98,100,0.3
59,Lebu,CL,2022-12-30 19:46:53,-37.6167,-73.65,290.43,68,0,10.31
60,Tual,ID,2022-12-30 19:46:53,-5.6667,132.75,301.92,72,100,8.86
61,Tasiilaq,GL,2022-12-30 19:46:54,65.6145,-37.6368,257.24,55,16,1.4
62,Bolobo,CD,2022-12-30 19:46:54,-2.1667,16.2333,297.13,70,28,1.24
63,Puerto Ayora,EC,2022-12-30 19:46:54,-0.7393,-90.3518,301.13,92,92,3.13
64,Leningradskiy,RU,2022-12-30 19:46:55,69.3833,178.4167,244.73,95,100,4.48
65,Albany,US,2022-12-30 19:46:55,42.6001,-73.9662,284.38,93,100,0.76
66,Darya Khan,PK,2022-12-30 19:46:56,31.7912,71.1039,284.76,55,0,2.47
67,De-Kastri,RU,2022-12-30 19:46:56,51.4667,140.7833,255.64,92,100,1.92
68,Luorong,CN,2022-12-30 19:46:56,24.4058,109.6086,279.31,74,19,2.7
69,Ribeira Grande,PT,2022-12-30 19:46:57,38.5167,-28.7,286.37,76,75,10.8
70,Vostok,RU,2022-12-30 19:46:57,46.4856,135.8833,251.05,98,45,2.32
71,Kholodnyy,RU,2022-12-30 19:46:57,62.7167,147.95,238.22,100,99,1.42
72,Hermanus,ZA,2022-12-30 19:46:58,-34.4187,19.2345,291.37,69,0,7.82
73,Djibo,BF,2022-12-30 19:46:58,14.1022,-1.6306,295.82,15,10,4.71
74,Manga,BF,2022-12-30 19:46:59,11.6636,-1.0731,296.64,17,4,3.94
75,Tuktoyaktuk,CA,2022-12-30 19:46:59,69.4541,-133.0374,256.15,85,100,5.66
76,Bilibino,RU,2022-12-30 19:46:59,68.0546,166.4372,237.02,99,16,1.64
77,Rawson,AR,2022-12-30 19:47:00,-43.3002,-65.1023,292.12,44,95,8.05
78,Castro,BR,2022-12-30 19:47:00,-24.7911,-50.0119,295.69,74,12,2.42
79,Helong,CN,2022-12-30 19:47:01,42.5397,128.9972,260.3,76,0,2.63
80,Dikson,RU,2022-12-30 19:47:01,73.5069,80.5464,249.84,94,100,10.18
81,Mar Del Plata,AR,2022-12-30 19:45:56,-38.0023,-57.5575,308.16,57,0,12.35
82,Bredasdorp,ZA,2022-12-30 19:47:03,-34.5322,20.0403,290.88,65,0,6.64
83,Provideniya,RU,2022-12-30 19:47:03,64.3833,-173.3,254.08,82,100,5.26
84,Horadiz,AZ,2022-12-30 19:47:04,39.4488,47.3353,277.01,78,0,1.38
85,Kapaa,US,2022-12-30 19:47:05,22.0752,-159.319,297.33,89,0,1.54
86,Baie-Comeau,CA,2022-12-30 19:47:05,49.2168,-68.1489,272.97,100,100,2.06
87,Los Zacatones,MX,2022-12-30 19:47:06,22.95,-102.05,290.98,32,64,9.88
88,Gosh,AM,2022-12-30 19:47:06,40.7288,44.9987,272.81,48,0,2.9
89,Chokurdakh,RU,2022-12-30 19:47:07,70.6333,147.9167,233.27,100,74,1.97
90,Okhotsk,RU,2022-12-30 19:47:08,59.3833,143.3,251.35,88,95,3.77
91,Selma,US,2022-12-30 19:47:08,36.5708,-119.6121,289.0,100,100,3.09
92,Hilo,US,2022-12-30 19:47:09,19.7297,-155.09,303.31,68,0,2.24
93,Concarneau,FR,2022-12-30 19:48:10,47.875,-3.9225,289.72,91,100,13.51
94,Rumonge,BI,2022-12-30 19:48:11,-3.9736,29.4386,294.1,89,96,1.11
95,Pemangkat,ID,2022-12-30 19:48:11,1.1667,108.9667,298.48,82,95,5.77
96,Fonte Boa,BR,2022-12-30 19:48:12,-2.4959,-66.2662,305.26,50,44,1.34
97,Vardo,NO,2022-12-30 19:48:14,70.3705,31.1107,271.14,74,75,11.32
98,Arraial Do Cabo,BR,2022-12-30 19:48:14,-22.9661,-42.0278,296.13,88,100,4.12
99,Bowen,AU,2022-12-30 19:48:15,-20.0167,148.2333,297.13,86,12,3.71
100,Bengkulu,ID,2022-12-30 19:48:16,-3.8004,102.2655,296.95,88,100,5.28
101,Oksfjord,NO,2022-12-30 19:48:18,70.2396,22.3479,274.25,87,98,6.23
102,Bjornevatn,NO,2022-12-30 19:48:19,69.6672,29.9847,269.94,80,75,5.66
103,Grand Gaube,MU,2022-12-30 19:48:20,-20.0064,57.6608,297.37,67,0,2.39
104,Aklavik,CA,2022-12-30 19:48:22,68.2191,-135.0107,254.15,78,75,1.54
105,Cape Town,ZA,2022-12-30 19:47:14,-33.9258,18.4232,295.03,59,0,5.66
106,Eureka,US,2022-12-30 19:48:27,40.8021,-124.1637,287.15,98,100,0.45
107,Saint-Philippe,RE,2022-12-30 19:48:28,-21.3585,55.7679,297.92,81,42,2.29
108,Ancud,CL,2022-12-30 19:48:29,-41.8697,-73.8203,289.16,75,13,4.9
109,Upernavik,GL,2022-12-30 19:48:30,72.7868,-56.1549,250.07,88,100,1.44
110,Hof,DE,2022-12-30 19:48:30,50.3167,11.9167,280.1,90,75,9.77
111,Choya,RU,2022-12-30 19:48:31,52.0108,86.5467,266.9,97,100,0.6
112,Bongandanga,CD,2022-12-30 19:48:31,1.5,21.05,297.49,47,100,0.99
113,Tiksi,RU,2022-12-30 19:48:31,71.6872,128.8694,253.51,98,100,5.83
114,Vestmannaeyjar,IS,2022-12-30 19:48:32,63.4427,-20.2734,266.55,67,8,7.55
115,Sorong,ID,2022-12-30 19:48:32,-0.8833,131.25,298.31,85,100,5.24
116,Lompoc,US,2022-12-30 19:48:33,34.6391,-120.4579,290.94,94,100,1.54
117,Manggar,ID,2022-12-30 19:48:33,-2.8833,108.2667,299.6,77,100,7.27
118,Northam,GB,2022-12-30 19:48:33,51.0333,-4.2167,283.37,93,100,8.65
119,Redding,US,2022-12-30 19:48:34,40.5865,-122.3917,281.72,96,100,2.06
120,Kaitangata,NZ,2022-12-30 19:48:34,-46.2817,169.8464,285.62,71,19,1.17
121,Plettenberg Bay,ZA,2022-12-30 19:48:34,-34.0527,23.3716,290.36,75,0,5.24
122,Paamiut,GL,2022-12-30 19:48:35,61.994,-49.6678,261.15,80,5,6.7
123,Kinston,US,2022-12-30 19:48:35,35.2627,-77.5816,294.35,60,75,3.09
124,Altar,MX,2022-12-30 19:48:36,30.7,-111.8167,291.18,50,2,1.53
125,Ilulissat,GL,2022-12-30 19:44:14,69.2167,-51.1,259.16,66,75,7.2
126,Aranos,NA,2022-12-30 19:48:36,-24.1333,19.1167,301.21,37,93,9.03
127,Hamilton,US,2022-12-30 19:47:23,39.1834,-84.5333,292.17,57,40,5.14
128,Codrington,AU,2022-12-30 19:48:37,-38.2667,141.9667,287.25,91,2,0.8
129,Beloha,MG,2022-12-30 19:48:37,-25.1667,45.05,296.51,88,1,3.93
130,Bonaventure,CA,2022-12-30 19:48:38,48.0457,-65.4926,272.47,100,100,1.03
131,Phayao,TH,2022-12-30 19:48:38,19.25,100.25,291.18,72,100,0.37
132,Utica,US,2022-12-30 19:47:07,43.1009,-75.2327,286.51,74,100,2.24
133,Sao Felix Do Xingu,BR,2022-12-30 19:48:39,-6.6447,-51.995,298.04,91,99,0.74
134,Cherskiy,RU,2022-12-30 19:48:39,68.75,161.3,230.31,100,61,1.39
135,Aloleng,PH,2022-12-30 19:48:40,16.1307,119.7824,297.95,73,72,3.7
136,Forbes,AU,2022-12-30 19:48:40,-33.3833,148.0167,292.55,62,25,2.27
137,Yatou,CN,2022-12-30 19:49:41,37.15,122.3833,268.14,68,0,2.33
138,Haines Junction,CA,2022-12-30 19:49:41,60.7522,-137.5108,255.12,85,100,0.51
139,Angoche,MZ,2022-12-30 19:49:41,-16.2325,39.9086,299.29,83,91,2.2
140,Lensk,RU,2022-12-30 19:49:42,60.7253,114.9278,247.22,96,100,5.92
141,Rapid Valley,US,2022-12-30 19:49:42,44.0625,-103.1463,280.15,49,0,3.13
142,America Dourada,BR,2022-12-30 19:49:43,-11.4553,-41.4361,298.25,65,93,4.95
143,Lakselv,NO,2022-12-30 19:49:43,70.0513,24.9718,268.05,86,100,12.35
144,Dutlwe,BW,2022-12-30 19:49:43,-23.9833,23.9,294.02,68,60,4.12
145,San Luis,AR,2022-12-30 19:46:43,-33.295,-66.3356,308.25,13,21,4.96
146,Caravelas,BR,2022-12-30 19:49:44,-17.7125,-39.2481,299.6,75,100,3.66
147,Disna,BY,2022-12-30 19:49:44,55.568,28.1971,274.76,92,74,5.63
148,Puerto Madero,MX,2022-12-30 19:49:45,14.7208,-92.4215,301.12,63,41,4.53
149,Karratha,AU,2022-12-30 19:49:45,-20.7377,116.8463,300.22,79,53,6.4
150,Cervo,ES,2022-12-30 19:49:45,43.6702,-7.4101,290.91,76,100,8.51
151,Lucapa,AO,2022-12-30 19:49:46,-8.4192,20.7447,290.67,97,100,0.76
152,Clyde River,CA,2022-12-30 19:49:46,70.4692,-68.5914,248.28,70,100,3.6
153,Loei,TH,2022-12-30 19:49:47,17.4167,101.5,283.64,83,0,1.08
154,Cabedelo,BR,2022-12-30 19:44:53,-6.9811,-34.8339,302.52,74,100,5.24
155,Sobolevo,RU,2022-12-30 19:49:47,54.4299,31.8996,274.49,99,100,6.95
156,Qasigiannguit,GL,2022-12-30 19:49:47,68.8193,-51.1922,259.29,95,100,2.36
157,Atar,MR,2022-12-30 19:49:48,20.5169,-13.0499,293.86,52,42,6.07
158,Hualmay,PE,2022-12-30 19:49:48,-11.0964,-77.6139,296.53,74,100,5.49
159,Nome,US,2022-12-30 19:49:49,64.5011,-165.4064,261.19,85,75,6.69
160,Olafsvik,IS,2022-12-30 19:49:49,64.8945,-23.7142,267.66,66,91,7.05
161,Port Pirie,AU,2022-12-30 19:49:50,-33.1833,138.0167,291.99,50,0,2.6
162,Saint-Augustin,CA,2022-12-30 19:49:50,51.226,-58.6502,266.03,94,100,1.36
163,Yar-Sale,RU,2022-12-30 19:49:50,66.8333,70.8333,242.16,100,61,2.47
164,Walvis Bay,NA,2022-12-30 19:49:51,-22.9575,14.5053,292.68,72,26,4.12
165,Asau,RO,2022-12-30 19:49:51,46.4333,26.4,278.86,90,90,2.34
166,Deputatskiy,RU,2022-12-30 19:49:51,69.3,139.9,235.0,98,33,2.72
167,Krasnoarmeysk,RU,2022-12-30 19:49:52,51.0239,45.6969,273.39,98,100,3.48
168,Ugoofaaru,MV,2022-12-30 19:49:52,5.6667,73.0,300.29,72,71,7.92
169,Zaysan,KZ,2022-12-30 19:49:53,47.4667,84.8667,263.41,93,100,0.59
170,Olga,RU,2022-12-30 19:49:53,43.7444,135.2892,257.83,81,3,2.85
171,Sehithwa,BW,2022-12-30 19:49:53,-20.4667,22.7167,300.51,43,100,2.17
172,New Norfolk,AU,2022-12-30 19:49:54,-42.7826,147.0587,289.22,89,100,0.38
173,Bantogon,PH,2022-12-30 19:49:54,6.5333,124.0333,297.5,84,97,1.87
174,Itaituba,BR,2022-12-30 19:49:54,-4.2761,-55.9836,304.24,70,40,2.06
175,Turayf,SA,2022-12-30 19:49:55,31.6725,38.6637,280.29,76,0,6.17
176,Chaman,PK,2022-12-30 19:49:55,30.9236,66.4512,277.86,61,3,0.37
177,Mount Gambier,AU,2022-12-30 19:49:55,-37.8333,140.7667,288.98,81,83,2.16
178,Xining,CN,2022-12-30 19:46:32,36.6167,101.7667,265.66,26,23,0.44
179,Cabo San Lucas,MX,2022-12-30 19:46:35,22.8909,-109.9124,299.05,63,0,1.64
180,Sinegorye,RU,2022-12-30 19:49:56,62.0788,150.477,243.88,99,100,0.57
181,Dalbandin,PK,2022-12-30 19:49:56,28.8947,64.4101,282.17,46,91,2.8
182,Neuquen,AR,2022-12-30 19:49:57,-38.9516,-68.0591,307.09,11,0,3.6
183,Longyan,CN,2022-12-30 19:49:57,25.1072,117.0225,278.94,98,57,1.83
184,Sitka,US,2022-12-30 19:50:57,57.0531,-135.33,278.09,93,100,0.0
185,Severo-Kurilsk,RU,2022-12-30 19:50:58,50.6789,156.125,268.8,87,93,7.97
186,Fortuna,US,2022-12-30 19:50:58,40.5982,-124.1573,287.0,97,75,5.66
187,Sola,VU,2022-12-30 19:50:59,-13.8833,167.55,297.52,94,100,0.0
188,Iqaluit,CA,2022-12-30 19:50:59,63.7506,-68.5145,245.2,68,20,5.66
189,Port Hawkesbury,CA,2022-12-30 19:50:59,45.6169,-61.3485,278.1,93,100,2.24
190,Beringovskiy,RU,2022-12-30 19:51:00,63.05,179.3167,249.55,93,100,7.34
191,Qaqortoq,GL,2022-12-30 19:51:00,60.7167,-46.0333,253.92,80,0,2.29
192,Half Moon Bay,US,2022-12-30 19:51:01,37.4636,-122.4286,290.1,96,100,9.77
193,Marzuq,YE,2022-12-30 19:51:01,14.4,46.4667,289.86,54,4,0.84
194,Kormilovka,RU,2022-12-30 19:51:03,55.0026,74.1028,251.06,100,100,2.01
195,Ostersund,SE,2022-12-30 19:51:05,63.1792,14.6357,272.93,100,100,5.14
196,Quatre Cocos,MU,2022-12-30 19:51:08,-20.2078,57.7625,297.21,68,0,1.38
197,Margate,GB,2022-12-30 19:51:09,51.3813,1.3862,285.43,89,100,3.13
198,Arlit,NE,2022-12-30 19:51:10,18.7369,7.3853,290.97,16,16,5.18
199,Morehead,US,2022-12-30 19:51:11,37.2711,-87.1764,291.45,57,40,7.2
200,Norman Wells,CA,2022-12-30 19:51:11,65.282,-126.8329,247.17,76,40,1.54
201,Camacha,PT,2022-12-30 19:51:12,33.0833,-16.3333,290.83,94,20,6.17
202,Thayetmyo,MM,2022-12-30 19:51:13,19.3167,95.1833,290.54,73,12,0.06
203,Saint-Leu,RE,2022-12-30 19:51:14,-21.15,55.2833,297.63,79,13,0.85
204,Pangody,RU,2022-12-30 19:51:15,65.85,74.4859,243.42,100,9,2.31
205,Lavrentiya,RU,2022-12-30 19:51:18,65.5833,-171.0,251.1,86,100,4.47
206,Havoysund,NO,2022-12-30 19:51:20,70.9963,24.6622,270.28,73,100,10.72
207,Maragogi,BR,2022-12-30 19:51:21,-9.0122,-35.2225,299.94,75,55,4.51
208,Acapulco,MX,2022-12-30 19:51:22,16.8634,-99.8901,302.04,55,100,3.74
209,Hambantota,LK,2022-12-30 19:51:23,6.1241,81.1185,296.27,81,100,6.28
210,Valleyview,CA,2022-12-30 19:51:23,55.0667,-117.2859,266.17,93,32,2.06
211,Sokolo,ML,2022-12-30 19:51:26,14.7328,-6.1219,299.85,15,100,5.8
212,Muros,ES,2022-12-30 19:51:27,42.7762,-9.0603,290.42,81,100,11.86
213,Altamont,US,2022-12-30 19:48:04,42.2068,-121.7372,276.91,96,100,3.09
214,Siguiri,GN,2022-12-30 19:51:29,11.6667,-9.5,299.18,16,80,2.2
215,Pangnirtung,CA,2022-12-30 19:51:31,66.1451,-65.7125,249.15,77,100,1.54
216,Itarema,BR,2022-12-30 19:51:31,-2.9248,-39.9167,301.01,70,3,6.89
217,Brae,GB,2022-12-30 19:51:32,60.3964,-1.353,276.29,96,100,12.61
218,Sungaipenuh,ID,2022-12-30 19:51:32,-2.0833,101.3833,290.03,97,100,0.83
219,Nortelandia,BR,2022-12-30 19:51:33,-14.4547,-56.8028,299.53,89,100,1.73
220,Bethel,US,2022-12-30 19:46:37,41.3712,-73.414,291.2,34,75,3.09
221,Lasa,IT,2022-12-30 19:51:34,46.6166,10.7002,278.64,96,100,1.13
222,Siljan,NO,2022-12-30 19:51:34,59.2884,9.71,278.25,98,100,6.33
223,Namatanai,PG,2022-12-30 19:51:35,-3.6667,152.4333,298.85,83,98,1.02
224,Edd,ER,2022-12-30 19:51:35,13.9297,41.6925,301.51,45,1,8.13
225,Chulucanas,PE,2022-12-30 19:51:36,-5.0925,-80.1625,306.15,39,99,2.76
226,Potosi,BO,2022-12-30 19:51:36,-19.5836,-65.7531,286.3,51,62,4.0
227,Bushehr,IR,2022-12-30 19:51:36,28.9684,50.8385,289.2,67,0,4.12
228,Lake City,US,2022-12-30 19:51:37,30.1897,-82.6393,298.59,38,100,2.32
229,Vila,PT,2022-12-30 19:51:37,42.0304,-8.1588,283.64,95,100,5.36
230,Touros,BR,2022-12-30 19:52:37,-5.1989,-35.4608,300.32,67,95,7.16
231,Geraldton,AU,2022-12-30 19:52:38,-28.7667,114.6,294.38,68,100,5.66
232,Mayo,US,2022-12-30 19:52:38,38.8876,-76.5119,291.85,66,0,4.63
233,Nichinan,JP,2022-12-30 19:52:38,31.6,131.3667,278.11,72,5,2.85
234,Alexandria,EG,2022-12-30 19:52:39,31.2156,29.9553,287.45,68,1,4.63
235,Tuatapere,NZ,2022-12-30 19:52:39,-46.1333,167.6833,285.15,69,59,1.36
236,Huarmey,PE,2022-12-30 19:52:40,-10.0681,-78.1522,296.97,74,100,5.8
237,Tupiza,BO,2022-12-30 19:52:40,-21.45,-65.7167,296.98,29,90,8.2
238,Durant,US,2022-12-30 19:52:40,33.994,-96.3708,289.58,50,95,3.62
239,Bandarbeyla,SO,2022-12-30 19:52:41,9.4942,50.8122,297.95,84,90,8.72
240,Shelburne,CA,2022-12-30 19:52:41,44.0787,-80.2041,282.11,99,100,7.53
241,Kameshkovo,RU,2022-12-30 19:52:41,56.3481,41.0047,273.17,99,100,2.9
242,Vihti,FI,2022-12-30 19:52:42,60.417,24.3197,276.77,100,46,3.13
243,Tanabe,JP,2022-12-30 19:52:42,33.7333,135.3667,278.78,71,7,5.24
244,Cape Coast,GH,2022-12-30 19:52:42,5.1053,-1.2466,299.61,81,13,3.81
245,Saint-Pierre,RE,2022-12-30 19:52:43,-21.3393,55.4781,297.97,73,7,2.57
246,Pochutla,MX,2022-12-30 19:52:43,15.7432,-96.4661,303.05,46,100,4.41
247,Pak Chong,TH,2022-12-30 19:52:44,14.708,101.4161,292.49,84,45,3.04
248,Uribia,CO,2022-12-30 19:52:44,11.7139,-72.266,303.71,48,1,9.08
249,Sioux Lookout,CA,2022-12-30 19:52:44,50.1001,-91.917,261.19,92,100,4.12
250,Necochea,AR,2022-12-30 19:52:45,-38.5473,-58.7368,294.3,65,4,7.32
251,Lazaro Cardenas,MX,2022-12-30 19:52:45,17.9583,-102.2,300.73,52,100,4.11
252,Omboue,GA,2022-12-30 19:52:46,-1.5746,9.2618,299.04,85,29,2.29
253,Nouadhibou,MR,2022-12-30 19:52:46,20.931,-17.0347,295.14,64,0,2.57
254,Ouesso,CG,2022-12-30 19:52:46,1.6136,16.0517,297.18,44,98,1.15
255,Mobaye,CF,2022-12-30 19:52:47,4.319,21.1786,297.46,42,84,0.63
256,Morant Bay,JM,2022-12-30 19:52:47,17.8815,-76.4093,302.99,65,0,4.65
257,Saskylakh,RU,2022-12-30 19:52:47,71.9167,114.0833,255.08,89,100,11.43
258,Bexhill,AU,2022-12-30 19:52:48,-28.7667,153.35,292.39,99,79,1.1
259,Manokwari,ID,2022-12-30 19:52:48,-0.8667,134.0833,297.23,89,100,1.63
260,Hofn,IS,2022-12-30 19:52:48,64.2539,-15.2082,265.27,59,0,5.99
261,Henties Bay,NA,2022-12-30 19:52:49,-22.116,14.2845,291.68,84,3,2.99
262,Morgantown,US,2022-12-30 19:46:43,39.6295,-79.9559,294.62,48,40,2.06
263,Zdvinsk,RU,2022-12-30 19:52:50,54.7021,78.661,246.41,100,100,1.01
264,Suifenhe,CN,2022-12-30 19:52:50,44.4,131.1667,254.46,89,6,1.93
265,Padang,ID,2022-12-30 19:52:50,-0.9492,100.3543,296.91,93,100,3.23
266,Mandera,KE,2022-12-30 19:52:51,3.9366,41.867,301.74,28,53,4.22
267,Port-Cartier,CA,2022-12-30 19:52:51,50.0334,-66.8654,270.23,96,100,0.37
268,Kaspiyskiy,RU,2022-12-30 19:52:51,45.3929,47.3707,274.82,67,27,3.67
269,Zermatt,CH,2022-12-30 19:52:52,46.0213,7.7491,276.9,100,100,6.69
270,Kutum,SD,2022-12-30 19:52:52,14.2,24.6667,287.55,29,8,4.87
271,Vila Franca Do Campo,PT,2022-12-30 19:52:50,37.7167,-25.4333,288.38,83,100,10.16
272,Zabaykalsk,RU,2022-12-30 19:52:52,49.6333,117.3167,253.51,96,43,5.75
273,Wembley,AU,2022-12-30 19:52:53,-31.9333,115.8,291.86,88,0,5.14
274,Pevek,RU,2022-12-30 19:52:53,69.7008,170.3133,235.63,100,78,1.93
275,Cayenne,GF,2022-12-30 19:52:54,4.9333,-52.3333,300.17,83,20,3.09
276,Victoria,HK,2022-12-30 19:52:01,22.2855,114.1577,288.12,74,63,6.71
277,Atambua,ID,2022-12-30 19:53:54,-9.1061,124.8925,296.59,90,100,5.52
278,Nhulunbuy,AU,2022-12-30 19:53:55,-12.2333,136.7667,299.49,94,100,8.75
279,Tessalit,ML,2022-12-30 19:53:55,20.1986,1.0114,292.99,12,91,4.43
280,Adendron,GR,2022-12-30 19:53:55,40.6717,22.6044,284.65,89,10,0.26
281,Felanitx,ES,2022-12-30 19:53:56,39.4696,3.1483,288.16,79,9,4.7
282,Carnarvon,AU,2022-12-30 19:53:56,-24.8667,113.6333,295.84,72,0,10.07
283,Komsomolskiy,UZ,2022-12-30 19:53:57,40.4272,71.7189,271.55,93,100,1.03
284,Ushtobe,KZ,2022-12-30 19:53:57,45.2514,77.9838,266.46,95,100,1.66
285,Nantucket,US,2022-12-30 19:53:33,41.2835,-70.0995,285.21,87,4,5.76
286,Naze,JP,2022-12-30 19:53:57,28.3667,129.4833,285.66,78,100,6.75
287,Jalu,LY,2022-12-30 19:53:58,29.0331,21.5482,286.84,60,1,3.11
288,Ilo,PE,2022-12-30 19:53:58,-17.6394,-71.3375,296.63,69,75,6.69
289,Mahebourg,MU,2022-12-30 19:53:58,-20.4081,57.7,297.31,78,20,1.54
290,Entre Rios,BR,2022-12-30 19:53:59,-11.9419,-38.0844,300.72,57,19,4.46
291,Grindavik,IS,2022-12-30 19:53:59,63.8424,-22.4338,261.41,85,0,3.6
292,Jiblah,YE,2022-12-30 19:54:00,13.9216,44.1467,286.64,80,11,3.12
293,Nemuro,JP,2022-12-30 19:54:00,43.3236,145.575,270.63,65,27,6.04
294,Petropavlovsk-Kamchatskiy,RU,2022-12-30 19:54:00,53.0452,158.6483,262.48,67,75,2.0
295,Mogadishu,SO,2022-12-30 19:54:01,2.0371,45.3438,298.54,79,100,8.67
296,Maurawan,IN,2022-12-30 19:54:01,26.4333,80.8833,285.17,45,0,1.66
297,Pringsewu,ID,2022-12-30 19:54:02,-5.3582,104.9744,295.53,96,93,0.42
298,Poum,NC,2022-12-30 19:54:03,-20.2333,164.0167,299.98,74,78,7.54
299,Bahia Blanca,AR,2022-12-30 19:54:03,-38.7196,-62.2724,303.87,32,1,0.45
300,Bonoua,CI,2022-12-30 19:54:04,5.2741,-3.595,300.94,83,50,2.26
301,Bombay,IN,2022-12-30 19:52:31,19.0144,72.8479,298.14,69,2,0.0
302,Quang Ngai,VN,2022-12-30 19:54:05,15.1167,108.8,292.08,90,100,4.03
303,Zheleznodorozhnyy,RU,2022-12-30 19:54:06,55.7503,38.0042,274.44,100,100,2.32
304,Moquegua,PE,2022-12-30 19:54:06,-17.1956,-70.9353,294.29,59,100,5.09
305,Ranibennur,IN,2022-12-30 19:54:07,14.6167,75.6167,293.82,53,9,2.34
306,Airai,TL,2022-12-30 19:54:08,-8.9266,125.4092,289.06,97,99,2.87
307,Saldanha,ZA,2022-12-30 19:54:09,-33.0117,17.9442,291.04,80,0,6.39
308,Narsaq,GL,2022-12-30 19:54:09,60.9167,-46.05,252.5,71,0,3.06
309,Puerto Concordia,CO,2022-12-30 19:54:10,2.6221,-72.7572,308.07,29,25,2.98
310,Bubaque,GW,2022-12-30 19:54:10,11.2833,-15.8333,299.61,70,100,6.06
311,Georgetown,MY,2022-12-30 19:49:26,5.4112,100.3354,300.11,85,20,4.12
312,Mangrol,IN,2022-12-30 19:54:11,21.1167,70.1167,293.52,48,0,5.26
313,Hovd,MN,2022-12-30 19:54:11,48.0056,91.6419,255.68,83,100,0.97
314,Rio Gallegos,AR,2022-12-30 19:51:59,-51.6226,-69.2181,290.18,22,40,16.98
315,Anchorage,US,2022-12-30 19:53:21,61.2181,-149.9003,270.68,87,75,1.34
316,Kailua,US,2022-12-30 19:53:05,21.4022,-157.7394,299.07,72,77,1.79
317,Tari,NG,2022-12-30 19:54:33,12.4086,4.4914,293.51,12,0,4.79
318,Isangel,VU,2022-12-30 19:54:34,-19.55,169.2667,300.21,83,97,4.63
319,Shimoda,JP,2022-12-30 19:54:34,34.6667,138.95,281.19,74,55,2.27
320,Puerto Ayacucho,VE,2022-12-30 19:54:34,5.6639,-67.6236,306.79,41,32,1.44
321,Slavonice,CZ,2022-12-30 19:55:35,48.9975,15.3515,277.52,90,100,2.28
322,Svetlogorsk,BY,2022-12-30 19:55:35,52.6333,29.7333,275.2,99,100,4.57
323,Sulphur Springs,US,2022-12-30 19:55:36,33.1385,-95.6011,289.23,67,0,0.0
324,Husavik,IS,2022-12-30 19:55:36,66.0449,-17.3389,266.23,66,100,8.85
325,Ossora,RU,2022-12-30 19:55:36,59.2353,163.0719,255.78,96,100,3.67
326,Urdoma,RU,2022-12-30 19:55:37,61.7533,48.5442,261.69,94,94,2.97
327,Sambava,MG,2022-12-30 19:55:37,-14.2667,50.1667,297.55,84,34,2.76
328,Marsh Harbour,BS,2022-12-30 19:55:38,26.5412,-77.0636,297.9,79,5,4.79
329,West Bay,KY,2022-12-30 19:55:38,19.3667,-81.4167,303.19,67,20,5.66
330,Liverpool,GB,2022-12-30 19:52:00,53.4106,-2.9779,283.39,79,40,7.72
331,Binzhou,CN,2022-12-30 19:55:38,37.3667,118.0167,269.65,38,0,2.03
332,San Cristobal,VE,2022-12-30 19:53:56,7.7669,-72.225,297.25,44,54,1.97
333,Flinders,AU,2022-12-30 19:55:39,-34.5833,150.8552,291.58,92,54,2.24
334,Alofi,NU,2022-12-30 19:52:22,-19.0595,-169.9187,300.09,89,75,2.06
335,Filingue,NE,2022-12-30 19:55:40,14.3521,3.3168,295.11,13,5,4.47
336,Hay River,CA,2022-12-30 19:55:40,60.8156,-115.7999,263.14,79,75,4.12
337,Yerbogachen,RU,2022-12-30 19:55:40,61.2767,108.0108,248.46,91,100,3.51
338,Bam,IR,2022-12-30 19:55:41,29.106,58.357,281.94,40,97,0.43
339,Jijiang,CN,2022-12-30 19:55:41,29.2906,106.2542,283.98,70,100,1.57
340,Auki,SB,2022-12-30 19:55:41,-8.7676,160.7034,299.44,86,98,2.79
341,Sibiti,CG,2022-12-30 19:55:42,-3.6819,13.3499,294.27,96,95,0.71
342,Port Lincoln,AU,2022-12-30 19:55:42,-34.7333,135.8667,288.17,82,0,5.38
343,Dolores,AR,2022-12-30 19:55:43,-36.3132,-57.6792,311.62,11,0,5.99
344,Anadyr,RU,2022-12-30 19:55:43,64.75,177.4833,246.43,76,75,6.0
345,Inyonga,TZ,2022-12-30 19:55:43,-6.7167,32.0667,290.22,97,99,1.13
346,Sabya,SA,2022-12-30 19:55:44,17.1495,42.6254,298.94,71,58,1.57
347,Opuwo,NA,2022-12-30 19:55:44,-18.0607,13.84,296.05,67,99,1.97
348,Sao Filipe,CV,2022-12-30 19:55:45,14.8961,-24.4956,295.73,63,2,3.77
349,Consett,GB,2022-12-30 19:55:45,54.854,-1.8316,279.95,82,72,11.74
350,Pilar,BR,2022-12-30 19:55:46,-9.5972,-35.9567,300.11,64,9,4.36
351,Totness,SR,2022-12-30 19:55:46,5.8833,-56.3167,299.68,81,51,4.87
352,Peniche,PT,2022-12-30 19:55:46,39.3558,-9.3811,289.98,84,100,8.82
353,Zurrieq,MT,2022-12-30 19:55:47,35.8311,14.4742,288.69,94,0,3.6
354,Ilovlya,RU,2022-12-30 19:55:47,49.3033,43.9796,274.47,93,100,3.71
355,Challans,FR,2022-12-30 19:55:47,46.8436,-1.8749,289.66,91,100,6.26
356,Keflavik,IS,2022-12-30 19:52:21,64.0049,-22.5624,261.39,85,0,3.6
357,Shiogama,JP,2022-12-30 19:55:48,38.3167,141.0333,275.59,72,9,2.54
358,Bakchar,RU,2022-12-30 19:55:48,57.0186,82.0711,250.4,100,94,0.87
359,Harper,LR,2022-12-30 19:55:49,4.375,-7.7169,299.82,81,36,4.0
360,Zhangye,CN,2022-12-30 19:55:49,38.9342,100.4517,266.27,30,0,0.91
361,Labuhan,ID,2022-12-30 19:55:49,-6.8844,112.2051,297.74,90,78,5.28
362,Muravlenko,RU,2022-12-30 19:55:50,63.7898,74.523,244.5,100,61,3.81
363,Talaya,RU,2022-12-30 19:55:50,61.3833,152.75,237.32,100,100,0.44
364,Namibe,AO,2022-12-30 19:55:50,-15.1961,12.1522,296.26,81,100,3.66
365,Lata,PT,2022-12-30 19:55:51,40.1629,-8.3327,289.3,92,100,3.34
366,Broome,US,2022-12-30 19:56:51,42.2506,-75.833,285.58,92,100,1.93
367,Sillamae,EE,2022-12-30 19:56:52,59.3997,27.7547,275.28,97,100,5.04
368,Ballina,AU,2022-12-30 19:56:52,-28.8667,153.5667,292.6,99,43,2.76
369,Kinshasa,CD,2022-12-30 19:56:52,-4.3246,15.3215,297.42,88,100,0.71
370,Kahului,US,2022-12-30 19:56:53,20.8947,-156.47,298.13,82,45,4.47
371,Kemptville,CA,2022-12-30 19:56:53,45.0168,-75.641,283.29,76,100,5.14
372,Ukiah,US,2022-12-30 19:56:53,39.1502,-123.2078,289.32,93,100,3.09
373,Denpasar,ID,2022-12-30 19:56:52,-8.65,115.2167,297.99,94,20,0.51
374,San Andres,CO,2022-12-30 19:56:54,12.5847,-81.7006,303.16,70,40,4.63
375,Ust-Tsilma,RU,2022-12-30 19:56:54,65.441,52.1498,255.01,97,84,2.73
376,San Jeronimo,PE,2022-12-30 19:56:55,-11.9472,-75.2829,289.57,54,100,2.54
377,Gondanglegi,ID,2022-12-30 19:56:55,-7.7479,112.0132,296.25,94,74,2.5
378,Ola,RU,2022-12-30 19:56:55,59.5833,151.2833,250.28,83,86,4.04
379,Kitimat,CA,2022-12-30 19:56:56,54.0524,-128.6534,273.66,26,100,0.45
380,Pinawa,CA,2022-12-30 19:56:56,50.1489,-95.8811,259.91,85,88,2.69
381,Imeni Poliny Osipenko,RU,2022-12-30 19:56:56,52.4201,136.4853,255.13,95,100,1.91
382,Malanje,AO,2022-12-30 19:56:57,-9.5402,16.341,290.97,96,81,1.52
383,Tetouan,MA,2022-12-30 19:56:57,35.5711,-5.3724,284.58,76,0,1.03
384,Berezovyy,RU,2022-12-30 19:56:58,51.6667,135.7,254.37,98,100,0.75
385,Sopelana,ES,2022-12-30 19:56:58,43.3789,-2.9831,293.03,57,20,6.71
386,Faanui,PF,2022-12-30 19:56:58,-16.4833,-151.75,299.7,77,13,4.99
387,Sorland,NO,2022-12-30 19:56:59,67.667,12.6934,278.07,75,98,10.6
388,Ardakan,IR,2022-12-30 19:56:59,32.31,54.0175,280.63,42,100,2.05
389,Hopewell,US,2022-12-30 19:56:27,37.3043,-77.2872,293.57,59,0,2.29
390,Le Port,RE,2022-12-30 19:55:20,-20.9373,55.2919,298.15,85,25,0.04
391,Pacific Grove,US,2022-12-30 19:57:00,36.6177,-121.9166,289.06,95,100,5.36
392,Hasaki,JP,2022-12-30 19:57:00,35.7333,140.8333,274.37,52,1,1.95
393,Puerto Carreno,CO,2022-12-30 19:57:00,6.189,-67.4859,306.14,49,20,4.12
394,Luderitz,NA,2022-12-30 19:57:01,-26.6481,15.1594,297.12,44,0,7.33
395,Srednekolymsk,RU,2022-12-30 19:57:01,67.45,153.6833,231.97,100,96,0.86
396,Coquimbo,CL,2022-12-30 19:57:01,-29.9533,-71.3436,294.0,64,75,5.14
397,Ambilobe,MG,2022-12-30 19:57:02,-13.2,49.05,296.48,89,96,1.49
398,Zhigansk,RU,2022-12-30 19:57:02,66.7697,123.3711,246.92,98,100,0.69
399,Inta,RU,2022-12-30 19:57:03,66.0317,60.1659,245.87,97,18,0.79
400,Naifaru,MV,2022-12-30 19:57:03,5.4444,73.3657,299.98,76,51,7.83
401,Apex,US,2022-12-30 19:51:51,35.7327,-78.8503,293.97,53,2,1.79
402,Berlevag,NO,2022-12-30 19:57:04,70.8578,29.0864,269.15,80,79,6.17
403,Yelnya,RU,2022-12-30 19:57:04,54.5786,33.1837,273.91,99,100,4.81
404,Jacareacanga,BR,2022-12-30 19:54:39,-6.2222,-57.7528,295.29,98,100,0.04
405,Phan Thiet,VN,2022-12-30 19:57:05,10.9333,108.1,294.38,78,90,1.91
406,Verkhnyaya Inta,RU,2022-12-30 19:57:05,65.9811,60.3094,248.2,94,21,1.68
407,Cockburn Town,TC,2022-12-30 19:57:05,21.4612,-71.1419,301.13,57,40,7.2
408,Ituacu,BR,2022-12-30 19:57:06,-13.8133,-41.2967,299.13,73,79,2.43
409,Staffanstorp,SE,2022-12-30 19:57:06,55.6428,13.2064,279.3,88,0,7.72
410,Alice Springs,AU,2022-12-30 19:57:06,-23.7,133.8833,297.9,73,92,0.0
411,Kropotkin,RU,2022-12-30 19:57:07,45.4375,40.5756,276.05,49,96,3.22
412,Skibbereen,IE,2022-12-30 19:57:07,51.55,-9.2667,282.65,89,100,3.81
413,Sassandra,CI,2022-12-30 19:57:07,4.95,-6.0833,299.31,85,73,2.66
414,Ulaangom,MN,2022-12-30 19:58:08,49.9811,92.0667,249.63,95,100,0.33
415,Alta Floresta,BR,2022-12-30 19:58:08,-9.8756,-56.0861,298.15,82,100,2.49
416,Pandan,PH,2022-12-30 19:58:09,14.0453,124.1694,298.64,89,100,2.84
417,Boyolangu,ID,2022-12-30 19:58:09,-8.1181,111.8935,296.27,92,64,2.39
418,Sarangani,PH,2022-12-30 19:58:10,5.4033,125.4636,300.67,76,79,5.17
419,Richards Bay,ZA,2022-12-30 19:58:10,-28.783,32.0377,293.13,74,99,3.29
420,Surgut,RU,2022-12-30 19:58:10,61.25,73.4167,236.25,67,20,1.0
421,Prince Albert,CA,2022-12-30 19:58:11,53.2001,-105.7677,260.12,85,40,3.6
422,Ishinomaki,JP,2022-12-30 19:58:11,38.4167,141.3,275.12,76,10,4.08
423,Terre Haute,US,2022-12-30 19:58:12,39.4667,-87.4139,282.3,95,100,2.57
424,Kungurtug,RU,2022-12-30 19:58:12,50.5994,97.5228,252.38,99,99,0.65
425,Abha,SA,2022-12-30 19:58:12,18.2164,42.5053,283.05,71,0,4.12
426,San Patricio,US,2022-12-30 19:58:13,28.017,-97.5169,299.35,61,54,1.16
427,Santa Maria,BR,2022-12-30 19:55:08,-29.6842,-53.8069,305.76,27,20,3.09
428,Bambous Virieux,MU,2022-12-30 19:58:13,-20.3428,57.7575,297.29,78,20,1.54
429,Koslan,RU,2022-12-30 19:58:14,63.4564,48.8989,257.74,98,95,2.82
430,Nishihara,JP,2022-12-30 19:58:14,26.1842,127.7558,288.75,88,75,9.26
431,Fairbanks,US,2022-12-30 19:58:15,64.8378,-147.7164,252.86,99,17,1.28
432,Yangshan,CN,2022-12-30 19:58:15,28.7615,115.0287,274.9,76,0,1.34
433,Khorixas,NA,2022-12-30 19:58:16,-20.3667,14.9667,297.8,43,31,5.65
434,Curaca,BR,2022-12-30 19:58:16,-8.9903,-39.9094,306.95,30,22,3.24
435,Arinos,BR,2022-12-30 19:58:16,-15.9169,-46.1056,300.37,74,78,0.59
436,Tumba,SE,2022-12-30 19:58:17,59.1986,17.8332,276.16,89,40,3.09
437,Manturovo,RU,2022-12-30 19:58:17,58.3353,44.7619,267.61,95,100,3.7
438,Mayna,RU,2022-12-30 19:58:18,54.1135,47.6231,264.13,98,91,2.82
439,Laguna,US,2022-12-30 19:58:18,38.421,-121.4238,288.31,96,100,11.32
440,Constitucion,CL,2022-12-30 19:58:18,-35.3333,-72.4167,292.85,71,8,3.14
441,Tura,IN,2022-12-30 19:58:19,25.5198,90.2201,285.2,62,0,1.28
442,Copala,MX,2022-12-30 19:58:19,16.65,-98.9833,301.82,56,88,4.22
443,Clarksburg,US,2022-12-30 19:58:20,39.2807,-80.3445,294.21,65,70,0.99
444,Rio Grande,BR,2022-12-30 19:58:20,-32.035,-52.0986,299.1,54,0,7.31
445,Saint-Francois,FR,2022-12-30 19:54:47,46.4154,3.9054,286.86,72,100,4.12
446,Sampit,ID,2022-12-30 19:58:21,-2.5333,112.95,296.24,85,100,1.21
447,Sarkand,KZ,2022-12-30 19:58:21,45.41,79.9186,266.15,75,81,3.12
448,Basco,PH,2022-12-30 19:58:21,20.4487,121.9702,297.26,81,100,14.15
449,Khed Brahma,IN,2022-12-30 19:58:22,24.0333,73.05,289.34,48,0,3.38
450,Shelton,US,2022-12-30 19:58:22,41.3165,-73.0932,288.73,68,31,1.34
451,Tautira,PF,2022-12-30 19:58:23,-17.7333,-149.15,299.29,80,41,5.22
452,Winona,US,2022-12-30 19:58:23,43.9666,-91.7668,269.03,72,75,2.06
453,Saint-Joseph,RE,2022-12-30 19:58:24,-21.3667,55.6167,297.36,82,23,1.76
454,Nanortalik,GL,2022-12-30 19:58:24,60.1432,-45.2371,264.66,76,44,7.91
455,Bathsheba,BB,2022-12-30 19:58:25,13.2167,-59.5167,298.49,88,75,9.77
456,Hurghada,EG,2022-12-30 19:58:25,27.2574,33.8129,290.17,55,0,5.14
457,Kaseda,JP,2022-12-30 19:58:25,31.4167,130.3167,281.81,73,72,5.51
458,Dakar,SN,2022-12-30 19:53:19,14.6937,-17.4441,297.64,67,51,1.92
459,Nara,JP,2022-12-30 19:59:26,34.6851,135.8049,278.98,69,17,1.46
460,Moshi,TZ,2022-12-30 19:59:26,-3.35,37.3333,298.36,60,100,2.11
461,Galle,LK,2022-12-30 19:55:09,6.0367,80.217,296.08,82,64,2.6
462,Codajas,BR,2022-12-30 19:59:27,-3.8367,-62.0569,300.41,89,69,0.57
463,Nevers,FR,2022-12-30 19:59:27,46.9167,3.3333,286.97,80,100,4.8
464,San Jose,US,2022-12-30 19:58:05,37.3394,-121.895,290.49,87,100,4.63
465,Saurimo,AO,2022-12-30 19:59:28,-9.6608,20.3916,290.44,98,95,0.75
466,Dumas,US,2022-12-30 19:59:28,35.8656,-101.9732,285.67,28,0,6.69
467,Kloulklubed,PW,2022-12-30 19:59:28,7.0419,134.2556,300.9,79,100,4.8
468,Sandwich,US,2022-12-30 19:59:29,41.6459,-88.6217,276.09,64,100,2.76
469,Uyskoye,RU,2022-12-30 19:59:29,54.3775,60.0047,254.53,100,88,1.87
470,Povenets,RU,2022-12-30 19:59:30,62.8487,34.8262,265.19,94,100,4.48
471,Lahaina,US,2022-12-30 19:54:34,20.8783,-156.6825,298.12,86,25,2.95
472,Harihar,IN,2022-12-30 19:59:30,14.5167,75.8,294.31,52,8,2.4
473,Abapo,BO,2022-12-30 19:59:30,-18.8333,-63.4667,302.95,31,76,4.74
474,Siteki,SZ,2022-12-30 19:59:31,-26.45,31.95,290.15,100,95,4.63
475,Goderich,CA,2022-12-30 19:59:31,43.7501,-81.7165,284.33,87,100,8.75
476,Raahe,FI,2022-12-30 19:59:32,64.6833,24.4833,272.2,99,100,4.8
477,Nanakuli,US,2022-12-30 19:59:32,21.3906,-158.1547,299.05,62,5,4.62
478,Kysyl-Syr,RU,2022-12-30 19:59:32,63.8986,122.7617,249.78,99,100,2.19
479,Ales,FR,2022-12-30 19:59:33,44.1333,4.0833,282.98,92,100,0.91
480,Magistralnyy,RU,2022-12-30 19:59:33,56.1725,107.4458,245.46,100,99,1.2
481,Ucluelet,CA,2022-12-30 19:59:33,48.9329,-125.5528,282.09,93,96,0.89
482,Gorontalo,ID,2022-12-30 19:59:34,0.5412,123.0595,297.09,95,99,1.81
483,Capoocan,PH,2022-12-30 19:59:34,11.2933,124.6419,297.28,95,100,1.52
484,Progreso,MX,2022-12-30 19:59:35,21.2833,-89.6667,304.32,52,9,2.23
485,Buin,CL,2022-12-30 19:59:35,-33.7333,-70.75,302.62,31,31,5.85
486,Broken Hill,AU,2022-12-30 19:59:35,-31.95,141.4333,296.15,40,1,5.58
487,Umm Lajj,SA,2022-12-30 19:59:36,25.0213,37.2685,295.64,52,1,4.28
488,San Policarpo,PH,2022-12-30 19:59:36,12.1791,125.5072,299.2,85,99,2.84
489,Storm Lake,US,2022-12-30 19:59:36,42.6411,-95.2097,273.73,93,0,3.09
490,Challapata,BO,2022-12-30 19:59:37,-18.9,-66.7667,285.62,55,97,6.37
491,Acajutla,SV,2022-12-30 19:59:37,13.5928,-89.8275,301.26,65,42,3.54
492,Ginir,ET,2022-12-30 19:59:37,7.1333,40.7,287.7,54,5,1.62
493,Shingu,JP,2022-12-30 19:59:38,33.7333,135.9833,275.86,80,17,2.86
494,Solyanka,RU,2022-12-30 19:59:38,46.3889,48.0176,274.12,80,0,4.0
495,Klaksvik,FO,2022-12-30 19:59:39,62.2266,-6.589,272.66,70,100,14.44
496,Appleton,US,2022-12-30 19:59:17,44.2619,-88.4154,273.48,85,100,5.14
497,Bukama,CD,2022-12-30 19:59:39,-9.2,25.85,293.04,99,100,0.6
498,Staryy Nadym,RU,2022-12-30 19:59:39,65.6118,72.6842,242.06,100,16,2.19
499,Praia Da Vitoria,PT,2022-12-30 19:59:40,38.7333,-27.0667,285.29,94,40,11.54
500,Sinnamary,GF,2022-12-30 19:59:40,5.3833,-52.95,298.65,86,88,4.05
501,Belaya Gora,RU,2022-12-30 19:59:41,68.5333,146.4167,242.41,100,97,0.81
502,Brigantine,US,2022-12-30 19:58:35,39.4101,-74.3646,289.28,75,3,5.81
503,La Libertad,EC,2022-12-30 19:59:41,-2.2333,-80.9,299.96,69,75,2.57
504,Jasper,US,2022-12-30 19:59:41,37.2001,-94.3502,285.4,57,100,0.89
505,Paita,PE,2022-12-30 19:59:42,-5.0892,-81.1144,297.38,68,16,6.92
506,Yuncheng,CN,2022-12-30 19:59:42,35.0231,110.9928,271.89,37,2,0.15
507,Maniitsoq,GL,2022-12-30 20:00:42,65.4167,-52.9,259.24,82,76,2.99
508,Sindal,DK,2022-12-30 20:00:43,57.4712,10.2031,279.0,85,100,9.92
509,Fuyu,CN,2022-12-30 20:00:44,45.1833,124.8167,259.9,83,7,4.17
510,Waingapu,ID,2022-12-30 20:00:46,-9.6567,120.2641,299.34,79,100,5.84
511,Snyder,US,2022-12-30 20:00:46,32.7179,-100.9176,289.31,38,0,4.12
512,Beboto,TD,2022-12-30 20:00:47,8.2668,16.939,294.97,26,74,2.01
513,Radford,US,2022-12-30 20:00:47,37.1318,-80.5764,290.28,60,75,1.79
514,Vaitape,PF,2022-12-30 20:00:48,-16.5167,-151.75,299.71,77,14,4.96
515,Alliston,CA,2022-12-30 20:00:43,44.1501,-79.8663,285.28,84,100,1.79
516,Kayanga,TZ,2022-12-30 20:00:48,-1.5303,31.1511,287.89,93,100,1.41
517,Si Racha,TH,2022-12-30 20:00:49,13.1737,100.9311,298.12,71,28,4.73
518,Coromandel,BR,2022-12-30 20:00:49,-18.4733,-47.2003,296.04,76,98,1.08
519,Belmonte,BR,2022-12-30 20:00:50,-15.8631,-38.8828,299.94,73,100,3.5
520,Fort Nelson,CA,2022-12-30 20:00:50,58.8053,-122.7002,255.34,86,86,0.26
521,Lorengau,PG,2022-12-30 20:00:51,-2.0226,147.2712,299.74,81,100,2.55
522,Havre-Saint-Pierre,CA,2022-12-30 20:00:51,50.2334,-63.5986,272.99,97,100,2.41
523,Konstantinovka,RU,2022-12-30 20:00:52,49.6167,127.9833,249.51,97,55,1.79
524,Dickinson,US,2022-12-30 20:00:52,29.4608,-95.0513,295.4,79,43,2.24
525,Monywa,MM,2022-12-30 20:00:53,22.1167,95.1333,289.95,73,13,1.53
526,Mporokoso,ZM,2022-12-30 20:00:53,-9.3727,30.125,288.95,97,100,1.3
527,Alto Longa,BR,2022-12-30 20:00:53,-5.2511,-42.2103,305.55,43,73,1.91
528,Okha,RU,2022-12-30 20:00:54,53.5739,142.9478,253.48,97,96,3.55
529,Coolum Beach,AU,2022-12-30 20:00:54,-26.5333,153.1,294.32,96,22,4.57
530,Guelph,CA,2022-12-30 20:00:27,43.5501,-80.2497,284.98,90,100,7.16
531,Biak,ID,2022-12-30 20:00:55,-0.9131,122.8766,297.93,79,100,1.7
532,Balabac,PH,2022-12-30 20:00:55,7.9868,117.0645,299.6,81,98,4.51
533,Portland,US,2022-12-30 19:51:57,45.5234,-122.6762,285.82,87,75,4.12
534,Kayalpattinam,IN,2022-12-30 20:00:56,8.5667,78.1167,298.24,78,5,5.41
535,Bocas Del Toro,PA,2022-12-30 20:00:56,9.3333,-82.25,300.54,71,4,4.04
536,Torbay,CA,2022-12-30 20:00:46,47.6666,-52.7314,270.14,80,100,2.75
537,Campos Gerais,BR,2022-12-30 20:00:57,-21.235,-45.7586,297.95,74,47,0.61
538,Poya,NC,2022-12-30 20:00:57,-21.35,165.15,298.77,84,33,3.99
539,Yaypan,UZ,2022-12-30 20:00:58,40.3758,70.8156,276.18,76,100,0.86
540,Veraval,IN,2022-12-30 20:00:58,20.9,70.3667,294.35,44,0,5.18
541,Coihaique,CL,2022-12-30 20:00:59,-45.5752,-72.0662,281.88,98,100,2.43
542,Odweyne,SO,2022-12-30 20:00:59,9.4092,45.064,293.22,66,14,2.74
543,Moose Factory,CA,2022-12-30 20:01:00,51.2585,-80.6094,274.14,93,100,4.63
544,Ngunguru,NZ,2022-12-30 20:01:01,-35.6167,174.5,291.93,83,58,2.28
545,Ust-Shonosha,RU,2022-12-30 20:01:01,61.1531,41.343,257.98,95,100,3.15
546,Selenduma,RU,2022-12-30 20:01:02,50.9131,106.2406,251.21,98,65,1.31
547,Abu Zabad,SD,2022-12-30 20:01:02,12.35,29.25,293.69,25,0,6.22
548,Gardner,US,2022-12-30 20:01:03,42.5751,-71.9981,288.71,34,100,2.57
549,Muisne,EC,2022-12-30 20:01:03,0.6,-80.0333,298.75,80,62,4.19
550,Makakilo City,US,2022-12-30 20:01:04,21.3469,-158.0858,298.26,71,5,5.29
551,Pangai,TO,2022-12-30 20:01:04,-19.8,-174.35,299.8,81,94,4.26
552,Kidal,ML,2022-12-30 20:01:04,18.4411,1.4078,294.69,8,100,4.65
553,Trofors,NO,2022-12-30 20:02:05,65.5333,13.4063,271.08,96,100,3.16
554,Solnechnyy,RU,2022-12-30 20:02:05,50.7214,136.6319,255.04,94,100,1.68
555,Malureni,RO,2022-12-30 20:02:06,45.1,24.8,278.83,82,95,1.5
556,Juegang,CN,2022-12-30 20:02:06,32.3174,121.1855,277.03,63,1,1.53
557,Boca Do Acre,BR,2022-12-30 20:02:07,-8.7522,-67.3978,295.51,99,100,0.15
558,Mordovo,RU,2022-12-30 20:02:07,52.0834,40.77,274.04,96,100,4.43
559,Mwanza,TZ,2022-12-30 20:02:08,-2.5167,32.9,294.73,69,100,2.55
560,Halifax,CA,2022-12-30 19:59:53,44.6453,-63.5724,279.09,93,100,4.12
