City_ID,City,Country,Date,Lat,Lng,Max Temp,Humidity,Cloudiness,Wind Speed,Current Description
0,Hualmay,PE,2023-01-03 01:35:50,-11.0964,-77.6139,69.49,86,100,9.17,overcast clouds
1,Torbay,CA,2023-01-03 01:35:33,47.6666,-52.7314,30.97,89,100,6.91,overcast clouds
2,Jamestown,US,2023-01-03 01:35:51,42.097,-79.2353,42.44,72,0,3.44,clear sky
3,Bilma,NE,2023-01-03 01:35:51,18.6853,12.9164,54.57,37,46,4.0,scattered clouds
4,Upernavik,GL,2023-01-03 01:35:52,72.7868,-56.1549,-16.02,79,17,4.61,few clouds
5,Bluff,NZ,2023-01-03 01:35:52,-46.6,168.3333,64.85,65,100,11.25,overcast clouds
6,Dhule,IN,2023-01-03 01:35:52,20.9,74.7833,62.74,44,46,4.79,scattered clouds
7,Barrow,US,2023-01-03 01:31:39,71.2906,-156.7887,3.22,85,100,20.71,mist
8,Cherskiy,RU,2023-01-03 01:34:31,68.75,161.3,-48.57,100,88,5.08,overcast clouds
9,Kapaa,US,2023-01-03 01:32:57,22.0752,-159.319,80.92,78,0,6.91,clear sky
10,Chokurdakh,RU,2023-01-03 01:35:53,70.6333,147.9167,-39.15,100,94,3.67,overcast clouds
11,Carnarvon,AU,2023-01-03 01:34:17,-24.8667,113.6333,90.0,47,0,7.92,clear sky
12,Alofi,NU,2023-01-03 01:35:54,-19.0595,-169.9187,84.09,74,100,10.36,overcast clouds
13,Port Alfred,ZA,2023-01-03 01:35:54,-33.5906,26.891,65.17,93,100,11.52,overcast clouds
14,Samarai,PG,2023-01-03 01:35:55,-10.6167,150.6667,86.16,64,100,2.68,overcast clouds
15,Hun,LY,2023-01-03 01:35:55,29.1268,15.9477,51.35,77,0,5.1,clear sky
16,Mitchell,US,2023-01-03 01:35:56,43.7094,-98.0298,28.74,88,100,9.22,haze
17,Biak,ID,2023-01-03 01:35:56,-0.9131,122.8766,83.37,65,98,1.77,overcast clouds
18,Vila Franca Do Campo,PT,2023-01-03 01:35:56,37.7167,-25.4333,59.41,86,100,6.49,overcast clouds
19,Matagami,CA,2023-01-03 01:35:57,49.7502,-77.6328,23.11,93,100,9.22,mist
20,Punta Arenas,CL,2023-01-03 01:33:07,-53.15,-70.9167,46.51,71,40,9.22,scattered clouds
21,Ushuaia,AR,2023-01-03 01:34:14,-54.8,-68.3,42.46,81,75,25.32,broken clouds
22,Almunecar,ES,2023-01-03 01:35:57,36.7339,-3.6907,61.23,78,96,3.02,overcast clouds
23,Aykhal,RU,2023-01-03 01:35:58,66.0,111.5,-12.01,91,100,3.74,overcast clouds
24,Gizo,SB,2023-01-03 01:35:58,-8.103,156.8419,84.76,71,100,8.68,overcast clouds
25,Manzanillo,CU,2023-01-03 01:35:59,20.3433,-77.1167,74.91,80,10,12.39,clear sky
26,Port Elizabeth,ZA,2023-01-03 01:35:59,-33.918,25.5701,71.1,92,0,3.44,clear sky
27,Miandrivazo,MG,2023-01-03 01:36:00,-19.5167,45.4667,74.98,86,100,4.12,overcast clouds
28,Bambous Virieux,MU,2023-01-03 01:36:00,-20.3428,57.7575,74.21,94,40,5.75,scattered clouds
29,Aksum,ET,2023-01-03 01:36:00,14.1245,38.7244,55.17,74,8,7.25,clear sky
30,Mar Del Plata,AR,2023-01-03 01:36:01,-38.0023,-57.5575,65.08,80,0,0.0,clear sky
31,Rikitea,PF,2023-01-03 01:36:01,-23.1203,-134.9692,78.66,73,18,11.41,few clouds
32,Vaini,TO,2023-01-03 01:36:02,-21.2,-175.2,82.56,89,40,11.5,scattered clouds
33,Surgut,RU,2023-01-03 01:36:03,61.25,73.4167,3.38,84,100,11.18,light snow
34,Klaksvik,FO,2023-01-03 01:36:04,62.2266,-6.589,40.12,74,56,25.84,broken clouds
35,Hilo,US,2023-01-03 01:36:05,19.7297,-155.09,80.33,73,75,9.22,broken clouds
36,Tuatapere,NZ,2023-01-03 01:36:06,-46.1333,167.6833,74.34,46,100,4.29,overcast clouds
37,Avarua,CK,2023-01-03 01:36:06,-21.2078,-159.775,80.65,89,75,11.5,light intensity drizzle
38,Khatanga,RU,2023-01-03 01:31:42,71.9667,102.5,-8.63,97,100,10.58,light snow
39,Castro,BR,2023-01-03 01:34:18,-24.7911,-50.0119,64.85,91,98,2.51,overcast clouds
40,Touros,BR,2023-01-03 01:36:07,-5.1989,-35.4608,78.1,82,52,10.78,broken clouds
41,Bethel,US,2023-01-03 01:32:06,41.3712,-73.414,46.27,86,100,0.0,overcast clouds
42,Kaitangata,NZ,2023-01-03 01:36:08,-46.2817,169.8464,66.16,67,100,6.02,overcast clouds
43,Atuona,PF,2023-01-03 01:37:09,-9.8,-139.0333,78.78,77,9,21.05,clear sky
44,Port Hedland,AU,2023-01-03 01:37:09,-20.3167,118.5667,87.85,70,44,14.97,scattered clouds
45,East London,ZA,2023-01-03 01:37:09,-33.0153,27.9116,69.44,86,100,12.26,overcast clouds
46,Albany,US,2023-01-03 01:35:28,42.6001,-73.9662,37.58,86,56,2.71,broken clouds
47,Busselton,AU,2023-01-03 01:37:11,-33.65,115.3333,77.56,43,0,11.56,clear sky
48,Nikolskoye,RU,2023-01-03 01:37:11,59.7035,30.7861,26.49,93,100,5.37,light snow
49,General Roca,AR,2023-01-03 01:37:12,-39.0333,-67.5833,70.63,26,8,18.66,clear sky
50,Provideniya,RU,2023-01-03 01:37:13,64.3833,-173.3,-3.89,86,40,6.78,scattered clouds
51,Cremona,IT,2023-01-03 01:35:14,45.2333,9.9333,50.58,100,100,1.57,overcast clouds
52,Dikson,RU,2023-01-03 01:37:14,73.5069,80.5464,-2.25,98,100,5.59,overcast clouds
53,Airai,TL,2023-01-03 01:37:14,-8.9266,125.4092,67.14,78,100,9.89,overcast clouds
54,Shanhetun,CN,2023-01-03 01:37:15,44.7,127.2,3.29,83,5,8.48,clear sky
55,Mataura,NZ,2023-01-03 01:33:04,-46.1927,168.8643,78.84,42,100,1.16,overcast clouds
56,New Norfolk,AU,2023-01-03 01:33:33,-42.7826,147.0587,58.91,60,100,3.0,overcast clouds
57,Kaputa,ZM,2023-01-03 01:37:16,-8.4689,29.6619,64.94,88,93,2.91,overcast clouds
58,Petropavlovsk-Kamchatskiy,RU,2023-01-03 01:37:16,53.0452,158.6483,19.99,79,100,13.42,shower snow
59,Bengkulu,ID,2023-01-03 01:37:16,-3.8004,102.2655,75.34,86,100,3.83,overcast clouds
60,Saint-Pierre,RE,2023-01-03 01:37:17,-21.3393,55.4781,74.88,64,90,5.75,light rain
61,Port Hawkesbury,CA,2023-01-03 01:37:17,45.6169,-61.3485,31.17,84,100,17.27,overcast clouds
62,Labuhan,ID,2023-01-03 01:37:18,-6.8844,112.2051,81.28,75,100,12.24,overcast clouds
63,Reconquista,AR,2023-01-03 01:37:19,-29.15,-59.65,72.91,26,0,7.05,clear sky
64,Pipri,IN,2023-01-03 01:37:19,19.8,75.5333,57.78,94,2,0.0,haze
65,Totness,SR,2023-01-03 01:37:20,5.8833,-56.3167,75.72,90,99,9.13,overcast clouds
66,Malazgirt,TR,2023-01-03 01:37:20,39.1427,42.5401,26.49,33,0,1.79,clear sky
67,Lebu,CL,2023-01-03 01:35:49,-37.6167,-73.65,56.75,84,0,14.23,clear sky
68,Senanga,ZM,2023-01-03 01:37:21,-16.1167,23.2667,64.26,97,100,4.81,light rain
69,Beibei,CN,2023-01-03 01:37:21,29.8256,106.4339,49.37,76,88,1.19,overcast clouds
70,Bredasdorp,ZA,2023-01-03 01:37:21,-34.5322,20.0403,66.7,94,62,4.47,broken clouds
71,Salinopolis,BR,2023-01-03 01:37:22,-0.6136,-47.3561,78.44,83,19,8.52,few clouds
72,Mahebourg,MU,2023-01-03 01:36:11,-20.4081,57.7,74.25,94,40,5.75,scattered clouds
73,Kodiak,US,2023-01-03 01:37:23,57.79,-152.4072,36.91,75,40,13.8,scattered clouds
74,Thompson,CA,2023-01-03 01:33:04,55.7435,-97.8558,14.16,85,100,9.22,light snow
75,Olafsvik,IS,2023-01-03 01:37:23,64.8945,-23.7142,32.61,65,100,13.09,light snow
76,Maceio,BR,2023-01-03 01:35:48,-9.6658,-35.7353,74.64,94,40,3.44,scattered clouds
77,Kirishi,RU,2023-01-03 01:37:24,59.4471,32.0205,24.31,96,100,5.28,overcast clouds
78,Hobart,AU,2023-01-03 01:34:31,-42.8794,147.3294,59.25,66,75,12.66,broken clouds
79,Tuktoyaktuk,CA,2023-01-03 01:37:24,69.4541,-133.0374,6.8,78,100,20.71,light snow
80,Veraval,IN,2023-01-03 01:37:25,20.9,70.3667,65.44,42,14,12.06,few clouds
81,Pangody,RU,2023-01-03 01:37:25,65.85,74.4859,0.32,95,100,18.84,light snow
82,Narsaq,GL,2023-01-03 01:37:26,60.9167,-46.05,-7.38,64,48,7.25,scattered clouds
83,Nianzishan,CN,2023-01-03 01:37:26,47.5167,122.8833,5.47,66,1,5.79,clear sky
84,Haines Junction,CA,2023-01-03 01:37:26,60.7522,-137.5108,30.15,80,100,5.75,overcast clouds
85,Juneau,US,2023-01-03 01:33:49,58.3019,-134.4197,41.22,94,100,14.97,light rain
86,Marzuq,YE,2023-01-03 01:37:27,14.4,46.4667,57.92,40,12,4.05,few clouds
87,Egvekinot,RU,2023-01-03 01:37:27,66.3167,-179.1667,-17.48,88,13,10.2,few clouds
88,Zhuanghe,CN,2023-01-03 01:38:28,39.7008,122.9911,23.16,54,0,4.45,clear sky
89,Tabou,CI,2023-01-03 01:38:28,4.423,-7.3528,76.66,79,6,2.66,clear sky
90,Bereda,ES,2023-01-03 01:38:28,43.2686,-7.5406,39.42,100,33,2.89,scattered clouds
91,Havre,FR,2023-01-03 01:38:29,49.5833,0.3333,46.17,93,0,11.5,clear sky
92,Paita,PE,2023-01-03 01:38:29,-5.0892,-81.1144,68.49,85,70,10.65,broken clouds
93,Tezu,IN,2023-01-03 01:38:29,27.9167,96.1667,62.04,43,0,0.78,clear sky
94,Caravelas,BR,2023-01-03 01:38:30,-17.7125,-39.2481,71.04,86,100,4.47,overcast clouds
95,Cap Malheureux,MU,2023-01-03 01:38:30,-19.9842,57.6142,74.46,73,98,1.99,overcast clouds
96,Broken Hill,AU,2023-01-03 01:38:30,-31.95,141.4333,82.4,27,0,18.23,clear sky
97,Constitucion,CL,2023-01-03 01:38:31,-35.3333,-72.4167,55.33,81,52,16.51,broken clouds
98,Georgetown,MY,2023-01-03 01:34:21,5.4112,100.3354,82.33,83,20,6.91,few clouds
99,Lagoa,PT,2023-01-03 01:38:31,39.05,-27.9833,59.68,84,100,19.8,overcast clouds
100,Saskylakh,RU,2023-01-03 01:35:41,71.9167,114.0833,-13.27,98,100,5.46,overcast clouds
101,Oranjemund,NA,2023-01-03 01:38:32,-28.55,16.4333,62.76,96,4,3.29,clear sky
102,Arraial Do Cabo,BR,2023-01-03 01:38:32,-22.9661,-42.0278,73.74,87,3,26.37,clear sky
103,Ahipara,NZ,2023-01-03 01:38:33,-35.1667,173.1667,71.62,71,100,17.43,overcast clouds
104,Longyearbyen,SJ,2023-01-03 01:35:49,78.2186,15.6401,31.84,69,40,18.41,scattered clouds
105,Matranovak,HU,2023-01-03 01:38:33,48.0381,19.9826,42.46,95,15,1.66,few clouds
106,Qaanaaq,GL,2023-01-03 01:38:34,77.484,-69.3632,-7.37,59,4,4.9,clear sky
107,Puerto Ayora,EC,2023-01-03 01:38:34,-0.7393,-90.3518,72.55,95,18,5.01,few clouds
108,Yining,CN,2023-01-03 01:38:34,29.0361,114.5636,45.91,73,88,2.15,overcast clouds
109,Vila Velha,BR,2023-01-03 01:38:35,-20.3297,-40.2925,71.94,92,20,2.3,few clouds
110,Koupela,BF,2023-01-03 01:38:35,12.1794,-0.3517,64.26,24,0,9.46,clear sky
111,Montecristo,CO,2023-01-03 01:38:35,8.2971,-74.4733,72.32,98,2,2.59,clear sky
112,Atbasar,KZ,2023-01-03 01:38:36,51.8,68.3333,28.71,95,100,23.67,light snow
113,Tchibanga,GA,2023-01-03 01:38:36,-2.85,11.0333,70.61,98,95,1.54,overcast clouds
114,Denpasar,ID,2023-01-03 01:34:25,-8.65,115.2167,85.71,74,40,20.71,scattered clouds
115,Kirakira,SB,2023-01-03 01:38:37,-10.4544,161.9205,84.43,72,100,11.65,moderate rain
116,Hermanus,ZA,2023-01-03 01:38:37,-34.4187,19.2345,69.8,90,2,5.46,clear sky
117,Grindavik,IS,2023-01-03 01:38:38,63.8424,-22.4338,35.55,100,100,18.41,overcast clouds
118,Erzin,TR,2023-01-03 01:38:38,36.9559,36.2,48.87,26,0,6.67,clear sky
119,Katsuura,JP,2023-01-03 01:38:39,35.1333,140.3,47.08,40,42,5.77,scattered clouds
120,Saint-Philippe,RE,2023-01-03 01:38:39,-21.3585,55.7679,74.79,78,79,4.81,broken clouds
121,Cueto,CU,2023-01-03 01:38:39,20.6439,-75.9356,73.92,84,2,10.16,clear sky
122,Sao Filipe,CV,2023-01-03 01:38:40,14.8961,-24.4956,76.39,57,59,7.4,broken clouds
123,Port Macquarie,AU,2023-01-03 01:38:40,-31.4333,152.9167,80.89,57,0,10.6,clear sky
124,Byron Bay,AU,2023-01-03 01:37:38,-28.65,153.6167,81.95,56,18,8.46,few clouds
125,Cape Town,ZA,2023-01-03 01:35:03,-33.9258,18.4232,65.12,89,75,11.5,broken clouds
126,Marion,US,2023-01-03 01:38:41,39.7684,-86.1555,57.04,96,100,6.91,mist
127,Sitka,US,2023-01-03 01:38:41,57.0531,-135.33,40.89,87,100,0.0,overcast clouds
128,Sangar,RU,2023-01-03 01:38:42,63.9242,127.4739,-37.55,96,99,6.35,overcast clouds
129,Raga,SS,2023-01-03 01:38:42,8.4596,25.678,69.33,32,2,6.38,clear sky
130,Fortuna,US,2023-01-03 01:38:42,40.5982,-124.1573,49.66,86,100,9.22,overcast clouds
131,Gbadolite,CD,2023-01-03 01:38:43,4.2833,21.0167,71.83,52,38,3.29,scattered clouds
132,Kemijarvi,FI,2023-01-03 01:38:43,66.7131,27.4306,-5.67,100,86,1.74,overcast clouds
133,Matara,LK,2023-01-03 01:39:44,5.9485,80.5353,72.81,87,49,3.6,scattered clouds
134,Bonthe,SL,2023-01-03 01:39:44,7.5264,-12.505,75.96,83,0,3.65,clear sky
135,Butaritari,KI,2023-01-03 01:39:44,3.0707,172.7902,80.74,74,100,10.18,overcast clouds
136,Hithadhoo,MV,2023-01-03 01:39:45,-0.6,73.0833,80.28,68,35,10.33,scattered clouds
137,Ulladulla,AU,2023-01-03 01:39:45,-35.35,150.4667,72.45,76,62,12.26,broken clouds
138,Esperance,AU,2023-01-03 01:39:46,-33.8667,121.9,67.03,65,65,12.66,broken clouds
139,Vila,PT,2023-01-03 01:39:46,42.0304,-8.1588,34.68,93,31,2.95,scattered clouds
140,Comodoro Rivadavia,AR,2023-01-03 01:39:47,-45.8667,-67.5,71.46,24,0,24.16,clear sky
141,Beringovskiy,RU,2023-01-03 01:39:47,63.05,179.3167,-14.87,92,27,12.24,scattered clouds
142,Garissa,KE,2023-01-03 01:39:48,-0.4536,39.6401,74.28,85,52,6.98,light rain
143,Hercules,US,2023-01-03 01:39:48,38.0171,-122.2886,48.38,91,100,5.99,light rain
144,Grand Gaube,MU,2023-01-03 01:39:49,-20.0064,57.6608,74.37,74,100,1.99,overcast clouds
145,Gat,IL,2023-01-03 01:39:49,31.61,34.7642,57.78,100,5,10.65,clear sky
146,Sobolevo,RU,2023-01-03 01:39:49,54.4299,31.8996,42.6,94,100,13.76,overcast clouds
147,Chicama,PE,2023-01-03 01:39:50,-7.8447,-79.1469,66.74,78,52,3.89,broken clouds
148,Husavik,IS,2023-01-03 01:39:50,66.0449,-17.3389,32.54,93,100,11.86,snow
149,Loikaw,MM,2023-01-03 01:39:51,19.6742,97.2094,63.7,61,6,1.92,clear sky
150,Norman Wells,CA,2023-01-03 01:39:51,65.282,-126.8329,8.64,72,75,13.8,light snow
151,Oshkosh,US,2023-01-03 01:39:51,44.0247,-88.5426,31.26,90,40,3.44,mist
152,Margate,GB,2023-01-03 01:39:52,51.3813,1.3862,48.9,85,9,10.65,clear sky
153,Cidreira,BR,2023-01-03 01:39:52,-30.1811,-50.2056,70.92,96,11,8.19,few clouds
154,Severo-Kurilsk,RU,2023-01-03 01:39:52,50.6789,156.125,20.66,78,100,35.16,light snow
155,Lensk,RU,2023-01-03 01:39:53,60.7253,114.9278,-0.94,73,100,10.25,overcast clouds
156,Humberto De Campos,BR,2023-01-03 01:39:53,-2.5983,-43.4611,75.33,92,35,4.85,scattered clouds
157,Buala,SB,2023-01-03 01:39:54,-8.145,159.5921,83.21,80,64,9.35,moderate rain
158,Codrington,AU,2023-01-03 01:39:54,-38.2667,141.9667,61.99,60,98,13.53,overcast clouds
159,Eureka,US,2023-01-03 01:39:54,40.8021,-124.1637,49.93,87,100,1.01,overcast clouds
160,Kavaratti,IN,2023-01-03 01:37:08,10.5669,72.642,80.35,72,61,8.55,broken clouds
161,Yellowknife,CA,2023-01-03 01:39:55,62.456,-114.3525,1.92,85,75,13.8,light snow
162,Ust-Kan,RU,2023-01-03 01:39:55,50.9276,84.761,6.37,90,100,5.46,overcast clouds
163,Tiksi,RU,2023-01-03 01:39:56,71.6872,128.8694,-14.12,98,100,6.78,overcast clouds
164,Abu Dhabi,AE,2023-01-03 01:37:20,24.4667,54.3667,69.82,63,0,4.61,clear sky
165,Kungalv,SE,2023-01-03 01:39:56,57.871,11.9805,34.68,95,100,5.39,light snow
166,Sao Jose Da Coroa Grande,BR,2023-01-03 01:39:57,-8.8978,-35.1478,78.39,76,100,8.68,overcast clouds
167,Yantal,RU,2023-01-03 01:39:57,56.8471,105.2542,-3.35,99,94,4.47,overcast clouds
168,Antalaha,MG,2023-01-03 01:39:58,-14.9003,50.2788,72.12,92,67,3.67,broken clouds
169,Cabo San Lucas,MX,2023-01-03 01:39:58,22.8909,-109.9124,72.52,72,0,6.91,clear sky
170,Frederick,US,2023-01-03 01:39:58,39.4668,-77.3997,59.04,82,100,0.0,overcast clouds
171,Adelaide,AU,2023-01-03 01:35:19,-34.9333,138.6,75.04,46,75,13.8,broken clouds
172,Paragominas,BR,2023-01-03 01:39:59,-2.9667,-47.4833,71.49,98,14,3.53,few clouds
173,Aklavik,CA,2023-01-03 01:39:59,68.2191,-135.0107,0.99,96,100,7.81,overcast clouds
174,Quzhou,CN,2023-01-03 01:37:55,28.9594,118.8686,41.74,95,100,6.02,overcast clouds
175,Port Hardy,CA,2023-01-03 01:41:00,50.6996,-127.4199,42.98,75,100,11.5,overcast clouds
176,Pa Sang,TH,2023-01-03 01:41:00,18.5262,98.9394,73.35,55,0,1.79,clear sky
177,Karratha,AU,2023-01-03 01:41:01,-20.7377,116.8463,92.03,41,94,5.46,overcast clouds
178,Lompoc,US,2023-01-03 01:41:01,34.6391,-120.4579,52.21,93,75,11.5,broken clouds
179,Magadan,RU,2023-01-03 01:41:01,59.5667,150.8,4.68,74,100,16.96,overcast clouds
180,Diffa,NE,2023-01-03 01:41:02,13.3154,12.6113,62.53,45,5,12.73,clear sky
181,Xining,CN,2023-01-03 01:41:02,36.6167,101.7667,20.26,37,8,2.19,clear sky
182,Puerto Escondido,MX,2023-01-03 01:41:03,15.85,-97.0667,79.63,65,0,0.0,clear sky
183,Svetlaya,RU,2023-01-03 01:41:04,46.5389,138.3297,5.23,51,0,7.7,clear sky
184,Pangnirtung,CA,2023-01-03 01:41:04,66.1451,-65.7125,-15.18,89,98,4.03,overcast clouds
185,Saldanha,ZA,2023-01-03 01:41:05,-33.0117,17.9442,62.98,93,64,14.63,broken clouds
186,Leningradskiy,RU,2023-01-03 01:41:06,69.3833,178.4167,-23.93,97,100,12.71,overcast clouds
187,Nikki,BJ,2023-01-03 01:41:06,9.9401,3.2108,66.49,30,50,5.01,scattered clouds
188,Mount Gambier,AU,2023-01-03 01:41:07,-37.8333,140.7667,62.1,54,99,10.94,overcast clouds
189,Ancud,CL,2023-01-03 01:41:07,-41.8697,-73.8203,54.0,91,66,7.47,broken clouds
190,Kermanshah,IR,2023-01-03 01:41:09,34.3142,47.065,27.5,64,0,6.91,clear sky
191,San Andres,CO,2023-01-03 01:37:40,12.5847,-81.7006,80.62,74,40,11.5,scattered clouds
192,Portland,US,2023-01-03 01:38:01,45.5234,-122.6762,40.35,77,75,19.57,broken clouds
193,Hargeysa,SO,2023-01-03 01:41:10,9.56,44.065,55.87,96,15,13.0,few clouds
194,Qaqortoq,GL,2023-01-03 01:41:11,60.7167,-46.0333,-4.54,65,64,6.55,broken clouds
195,Sfantu Gheorghe,RO,2023-01-03 01:38:18,45.8667,25.7833,46.56,54,16,1.21,few clouds
196,Gazli,UZ,2023-01-03 01:41:12,40.1333,63.45,39.54,54,100,14.94,overcast clouds
197,Semnan,IR,2023-01-03 01:41:13,35.5729,53.3971,31.84,59,0,2.3,haze
198,The Valley,AI,2023-01-03 01:41:13,18.217,-63.0578,77.83,73,0,15.14,clear sky
199,Nantucket,US,2023-01-03 01:41:14,41.2835,-70.0995,44.74,91,0,4.61,clear sky
200,Lamar,US,2023-01-03 01:38:48,33.6668,-95.5836,69.71,94,100,14.97,overcast clouds
201,Ust-Barguzin,RU,2023-01-03 01:41:15,53.45,108.9833,-13.72,92,41,5.08,scattered clouds
202,Ibanda,TZ,2023-01-03 01:41:16,-2.7974,32.4746,61.86,79,21,2.91,few clouds
203,Edgewater,US,2023-01-03 01:41:16,28.9889,-80.9023,67.24,100,75,0.0,mist
204,Coihaique,CL,2023-01-03 01:36:35,-45.5752,-72.0662,55.35,50,75,6.91,broken clouds
205,Saint-Francois,FR,2023-01-03 01:41:17,46.4154,3.9054,42.24,93,100,2.3,mist
206,Zhigansk,RU,2023-01-03 01:41:18,66.7697,123.3711,-21.84,98,100,15.26,overcast clouds
207,Castanos,MX,2023-01-03 01:41:18,26.7833,-101.4167,74.79,27,40,9.22,scattered clouds
208,Sioux Lookout,CA,2023-01-03 01:39:26,50.1001,-91.917,17.67,93,100,8.05,mist
209,At-Bashi,KG,2023-01-03 01:41:19,41.1702,75.8106,-1.3,74,14,2.28,few clouds
210,Lasa,IT,2023-01-03 01:41:19,46.6166,10.7002,38.03,94,100,1.21,overcast clouds
211,Vilhena,BR,2023-01-03 01:41:20,-12.7406,-60.1458,69.82,97,100,5.44,overcast clouds
212,Padang,ID,2023-01-03 01:38:00,-0.9492,100.3543,77.05,76,100,0.83,overcast clouds
213,Bubaque,GW,2023-01-03 01:41:20,11.2833,-15.8333,78.04,76,45,9.89,scattered clouds
214,Vao,NC,2023-01-03 01:41:21,-22.6667,167.4833,76.46,75,0,11.14,clear sky
215,Nosy Varika,MG,2023-01-03 01:41:21,-20.5833,48.5333,73.51,79,94,5.3,overcast clouds
216,Saint George,US,2023-01-03 01:37:01,37.1041,-113.5841,43.95,69,100,4.61,overcast clouds
217,Filingue,NE,2023-01-03 01:41:22,14.3521,3.3168,61.65,21,11,10.96,few clouds
218,San Patricio,US,2023-01-03 01:37:12,28.017,-97.5169,76.15,89,100,14.18,overcast clouds
219,Yulara,AU,2023-01-03 01:41:23,-25.2406,130.9889,94.82,29,47,22.53,scattered clouds
220,Carlsbad,US,2023-01-03 01:39:58,33.1581,-117.3506,57.45,79,100,14.0,overcast clouds
221,Sorland,NO,2023-01-03 01:41:24,67.667,12.6934,37.26,58,100,20.18,light rain
222,Pevek,RU,2023-01-03 01:41:25,69.7008,170.3133,-37.66,100,100,4.36,overcast clouds
223,Narrabri,AU,2023-01-03 01:41:25,-30.3167,149.7833,89.53,46,4,5.01,clear sky
224,Eydhafushi,MV,2023-01-03 01:42:26,5.1033,73.0708,80.94,61,1,17.18,clear sky
225,Funadhoo,MV,2023-01-03 01:42:26,6.15,73.2667,80.76,64,3,14.97,clear sky
226,Tautira,PF,2023-01-03 01:42:27,-17.7333,-149.15,80.65,73,39,17.07,scattered clouds
227,Cervo,ES,2023-01-03 01:42:27,43.6702,-7.4101,47.55,81,18,9.95,few clouds
228,Benghazi,LY,2023-01-03 01:42:28,32.1167,20.0667,59.72,65,0,10.8,clear sky
229,Taoudenni,ML,2023-01-03 01:42:28,22.6783,-3.9836,62.42,16,0,8.68,clear sky
230,Murgab,TM,2023-01-03 01:42:28,37.4966,61.9714,31.87,86,4,9.22,clear sky
231,Banff,CA,2023-01-03 01:42:29,51.1762,-115.5698,24.03,86,91,4.61,overcast clouds
232,Talnakh,RU,2023-01-03 01:42:29,69.4865,88.3972,-27.83,98,95,4.54,overcast clouds
233,Sovetskiy,RU,2023-01-03 01:42:30,61.3614,63.5842,6.4,98,100,3.29,overcast clouds
234,Guerrero Negro,MX,2023-01-03 01:42:30,27.9769,-114.0611,58.91,65,0,12.77,clear sky
235,Cayenne,GF,2023-01-03 01:42:31,4.9333,-52.3333,75.24,88,100,4.61,overcast clouds
236,Bitung,ID,2023-01-03 01:42:31,1.4451,125.1824,86.85,66,100,2.28,overcast clouds
237,Oussouye,SN,2023-01-03 01:42:31,12.485,-16.5469,68.18,58,100,4.36,overcast clouds
238,Nhulunbuy,AU,2023-01-03 01:42:32,-12.2333,136.7667,79.41,94,75,5.75,heavy intensity rain
239,Badah,PK,2023-01-03 01:42:32,27.3332,68.0135,54.0,27,0,6.51,clear sky
240,Monterey,US,2023-01-03 01:42:32,36.2505,-121.2516,46.18,87,100,8.1,overcast clouds
241,Elkton,US,2023-01-03 01:42:33,39.6068,-75.8333,53.19,85,100,3.85,overcast clouds
242,Kidal,ML,2023-01-03 01:42:33,18.4411,1.4078,58.06,26,100,10.42,overcast clouds
243,Kyra,RU,2023-01-03 01:42:34,49.5776,111.9753,-9.62,85,10,3.36,clear sky
244,Tulun,RU,2023-01-03 01:42:34,54.5611,100.5792,-8.03,100,92,3.76,overcast clouds
245,Northam,GB,2023-01-03 01:42:34,51.0333,-4.2167,44.62,93,100,15.46,overcast clouds
246,Xuddur,SO,2023-01-03 01:42:35,4.1213,43.8894,68.86,69,5,17.69,clear sky
247,Casper,US,2023-01-03 01:38:03,42.8666,-106.3131,26.73,89,100,16.11,overcast clouds
248,Balkhash,KZ,2023-01-03 01:42:35,46.844,74.9804,30.81,100,100,11.18,mist
249,Naryan-Mar,RU,2023-01-03 01:42:36,67.6713,53.087,-0.44,95,100,9.44,overcast clouds
250,Nizwa,OM,2023-01-03 01:42:36,22.9333,57.5333,63.01,45,99,5.01,overcast clouds
251,Vardo,NO,2023-01-03 01:42:36,70.3705,31.1107,28.38,86,40,21.85,scattered clouds
252,Port-Gentil,GA,2023-01-03 01:42:37,-0.7193,8.7815,77.14,86,100,11.05,overcast clouds
253,Taylor,US,2023-01-03 01:42:37,32.3001,-99.8337,62.06,34,20,13.8,few clouds
254,Tasiilaq,GL,2023-01-03 01:42:38,65.6145,-37.6368,3.36,63,22,6.53,few clouds
255,Kouroussa,GN,2023-01-03 01:42:38,10.65,-9.8833,68.04,19,2,4.45,clear sky
256,Campo Grande,BR,2023-01-03 01:42:38,-20.4428,-54.6464,71.15,88,75,11.5,light rain
257,Moerai,PF,2023-01-03 01:42:39,-22.4333,-151.3333,78.8,86,100,21.12,moderate rain
258,Ust-Tsilma,RU,2023-01-03 01:42:39,65.441,52.1498,-3.89,100,96,2.55,overcast clouds
259,Tabas,IR,2023-01-03 01:42:39,33.5959,56.9244,40.73,33,0,4.03,clear sky
260,Srandakan,ID,2023-01-03 01:42:40,-7.9386,110.2506,81.36,76,97,12.44,light rain
261,Atambua,ID,2023-01-03 01:42:40,-9.1061,124.8925,77.54,86,99,16.17,overcast clouds
262,Stupava,SK,2023-01-03 01:42:41,48.2747,17.0317,43.45,95,100,4.61,fog
263,Ziro,IN,2023-01-03 01:42:41,27.6333,93.8333,30.94,79,50,2.8,scattered clouds
264,Westport,US,2023-01-03 01:42:41,41.1415,-73.3579,52.09,87,100,3.44,overcast clouds
265,Kungurtug,RU,2023-01-03 01:42:42,50.5994,97.5228,-11.85,98,93,1.54,overcast clouds
266,Baykit,RU,2023-01-03 01:42:42,61.67,96.37,3.27,98,100,2.89,overcast clouds
267,Heze,CN,2023-01-03 01:42:42,35.2431,115.4411,39.99,37,0,5.46,clear sky
268,Birzai,LT,2023-01-03 01:42:43,56.2,24.75,44.26,76,100,23.98,overcast clouds
269,Harper,LR,2023-01-03 01:42:43,4.375,-7.7169,77.07,76,37,2.53,scattered clouds
270,Almaznyy,RU,2023-01-03 01:42:44,48.0448,40.045,40.48,87,99,4.9,overcast clouds
271,Half Moon Bay,US,2023-01-03 01:38:56,37.4636,-122.4286,50.59,90,100,13.8,mist
272,Port Lincoln,AU,2023-01-03 01:43:44,-34.7333,135.8667,66.81,61,29,15.9,scattered clouds
273,Lavumisa,SZ,2023-01-03 01:43:44,-27.31,31.892,68.5,91,93,1.86,overcast clouds
274,Bilopillya,UA,2023-01-03 01:43:45,51.1502,34.3129,42.35,91,93,12.1,overcast clouds
275,Santa Rosa,PH,2023-01-03 01:39:04,14.3122,121.1114,80.1,89,100,15.26,overcast clouds
276,Maple Creek,CA,2023-01-03 01:43:45,49.9168,-109.4848,28.81,59,22,6.91,few clouds
277,Channel-Port Aux Basques,CA,2023-01-03 01:43:46,47.5702,-59.1367,29.01,79,99,18.28,overcast clouds
278,Isabela,PH,2023-01-03 01:43:46,6.7085,121.9711,84.25,86,100,6.71,overcast clouds
279,Nara,JP,2023-01-03 01:43:46,34.6851,135.8049,44.91,69,98,10.04,overcast clouds
280,Clyde River,CA,2023-01-03 01:43:47,70.4692,-68.5914,-28.97,68,0,6.91,clear sky
281,Dalhousie,IN,2023-01-03 01:43:47,32.5333,75.9833,29.88,35,0,7.05,clear sky
282,Darhan,MN,2023-01-03 01:43:48,49.4867,105.9228,-17.66,98,96,3.8,overcast clouds
283,San Juan,AR,2023-01-03 01:41:08,-31.5375,-68.5364,83.21,22,1,4.34,clear sky
284,Ostrovnoy,RU,2023-01-03 01:43:48,68.0531,39.5131,22.59,75,100,22.41,overcast clouds
285,Inhambane,MZ,2023-01-03 01:43:49,-23.865,35.3833,72.95,87,6,4.56,clear sky
286,Nadym,RU,2023-01-03 01:43:49,65.5333,72.5167,2.88,95,100,21.56,light snow
287,Malibu,US,2023-01-03 01:40:02,34.005,-118.8101,55.96,91,100,1.92,overcast clouds
288,Gejiu,CN,2023-01-03 01:43:50,23.306,103.1635,41.59,83,58,4.21,broken clouds
289,Coquimbo,CL,2023-01-03 01:43:50,-29.9533,-71.3436,60.53,88,0,10.36,clear sky
290,Malaya Vishera,RU,2023-01-03 01:43:50,58.8454,32.2222,26.37,96,100,5.99,light snow
291,Weihe,CN,2023-01-03 01:43:51,32.9952,105.3247,35.08,73,77,4.16,broken clouds
292,Takoradi,GH,2023-01-03 01:43:51,4.8845,-1.7554,77.83,81,11,4.43,few clouds
293,Stepnoye,RU,2023-01-03 01:43:52,51.4,46.8667,29.77,72,80,13.47,broken clouds
294,Stanceni,RO,2023-01-03 01:43:52,46.9833,25.2333,40.75,86,29,3.33,scattered clouds
295,Tete,MZ,2023-01-03 01:43:52,-16.1564,33.5867,73.85,91,100,0.6,light rain
296,Evensk,RU,2023-01-03 01:43:53,61.95,159.2333,-4.68,68,1,13.91,clear sky
297,San Quintin,MX,2023-01-03 01:43:53,30.4833,-115.95,56.84,69,54,7.63,broken clouds
298,Berdychiv,UA,2023-01-03 01:43:54,49.8993,28.6024,41.9,88,88,8.08,overcast clouds
299,Agirish,RU,2023-01-03 01:43:54,61.9247,63.0231,3.06,97,100,5.48,overcast clouds
300,Billings,US,2023-01-03 01:43:29,45.7833,-108.5007,30.51,79,40,3.0,scattered clouds
301,Bichena,ET,2023-01-03 01:43:54,10.45,38.2,50.59,72,7,1.68,clear sky
302,Cairns,AU,2023-01-03 01:43:55,-16.9167,145.7667,85.95,66,75,10.36,broken clouds
303,Kruisfontein,ZA,2023-01-03 01:43:55,-34.0033,24.7314,68.88,77,91,3.6,overcast clouds
304,Iqaluit,CA,2023-01-03 01:43:56,63.7506,-68.5145,-7.31,83,40,4.61,light snow
305,San Carlos De Bariloche,AR,2023-01-03 01:39:47,-41.1456,-71.3082,51.55,66,40,21.85,scattered clouds
306,Mackenzie,CA,2023-01-03 01:43:56,55.2999,-123.1698,26.82,93,100,2.3,overcast clouds
307,Varnavino,RU,2023-01-03 01:43:56,57.4035,45.0916,24.53,91,100,10.04,overcast clouds
308,Cariati,IT,2023-01-03 01:43:57,39.4922,16.9594,54.77,73,0,4.34,clear sky
309,Nikolayevsk-Na-Amure,RU,2023-01-03 01:43:57,53.1406,140.73,-0.85,90,100,15.79,overcast clouds
310,Manggar,ID,2023-01-03 01:43:58,-2.8833,108.2667,80.69,77,100,12.15,overcast clouds
311,Banda Aceh,ID,2023-01-03 01:43:58,5.5577,95.3222,78.94,75,100,6.04,overcast clouds
312,Doha,QA,2023-01-03 01:43:42,25.2867,51.5333,62.58,88,100,11.5,moderate rain
313,Port Blair,IN,2023-01-03 01:43:59,11.6667,92.75,78.84,65,75,5.75,broken clouds
314,Wagar,SD,2023-01-03 01:43:59,16.1525,36.2032,72.66,80,6,6.15,clear sky
315,Excelsior Springs,US,2023-01-03 01:43:29,39.3392,-94.2261,57.7,93,100,6.91,heavy intensity rain
316,San Cristobal,VE,2023-01-03 01:44:00,7.7669,-72.225,68.18,97,92,2.66,overcast clouds
317,Sao Miguel Do Araguaia,BR,2023-01-03 01:44:00,-13.275,-50.1628,72.88,85,100,1.66,overcast clouds
318,Tomari,RU,2023-01-03 01:44:00,47.7658,142.0683,11.53,76,100,18.86,overcast clouds
319,Sakaiminato,JP,2023-01-03 01:45:01,35.55,133.2333,42.73,87,75,8.05,broken clouds
320,Majenang,ID,2023-01-03 01:45:01,-7.2975,108.7642,82.2,77,100,2.13,overcast clouds
321,Mukhen,RU,2023-01-03 01:45:02,48.1,136.1,-1.25,80,85,9.75,overcast clouds
322,Neiafu,TO,2023-01-03 01:45:03,-18.65,-173.9833,86.68,79,75,4.61,light rain
323,Berlevag,NO,2023-01-03 01:45:04,70.8578,29.0864,28.4,64,75,18.41,light snow
324,Dunedin,NZ,2023-01-03 01:45:04,-45.8742,170.5036,59.81,95,100,12.3,overcast clouds
325,Baruun-Urt,MN,2023-01-03 01:45:05,46.6806,113.2792,-9.47,93,21,4.7,few clouds
326,Diego De Almagro,CL,2023-01-03 01:45:05,-26.3667,-70.05,63.73,53,1,3.65,clear sky
327,Cuevas,PH,2023-01-03 01:45:06,8.0192,126.0942,73.8,99,100,2.01,overcast clouds
328,Nouadhibou,MR,2023-01-03 01:45:07,20.931,-17.0347,67.98,68,0,18.41,clear sky
329,La Ronge,CA,2023-01-03 01:45:07,55.1001,-105.2842,14.25,92,0,6.91,clear sky
330,Ust-Kuyga,RU,2023-01-03 01:45:08,70.0167,135.6,-42.34,99,96,7.94,overcast clouds
331,Hasaki,JP,2023-01-03 01:45:09,35.7333,140.8333,48.29,35,5,9.13,clear sky
332,Kormilovka,RU,2023-01-03 01:45:09,55.0026,74.1028,15.73,92,86,15.75,overcast clouds
333,Dingle,PH,2023-01-03 01:43:12,10.9995,122.6711,75.52,91,100,10.45,overcast clouds
334,Hambantota,LK,2023-01-03 01:45:10,6.1241,81.1185,68.34,100,20,3.44,few clouds
335,Rimouski,CA,2023-01-03 01:41:03,48.4488,-68.524,29.88,89,81,5.91,snow
336,Hannibal,US,2023-01-03 01:45:12,39.7084,-91.3585,52.72,93,100,6.91,fog
337,Sao Joao Da Barra,BR,2023-01-03 01:45:13,-21.6403,-41.0511,74.52,86,0,21.03,clear sky
338,Tutoia,BR,2023-01-03 01:45:14,-2.7619,-42.2744,78.89,84,51,11.56,broken clouds
339,Iguatu,BR,2023-01-03 01:45:14,-6.3594,-39.2986,77.76,68,88,6.11,overcast clouds
340,Charlestown,AU,2023-01-03 01:45:15,-32.95,151.6667,83.98,77,0,5.99,clear sky
341,Parana,AR,2023-01-03 01:45:16,-31.732,-60.5238,76.55,23,0,6.35,clear sky
342,Elat,IL,2023-01-03 01:45:16,29.5581,34.9482,57.34,71,0,9.01,clear sky
343,Key West,US,2023-01-03 01:45:17,24.5557,-81.7826,75.99,94,0,11.5,clear sky
344,Raudeberg,NO,2023-01-03 01:45:17,61.9875,5.1352,30.87,56,50,6.02,scattered clouds
345,Tomatlan,MX,2023-01-03 01:45:18,19.9333,-105.25,70.59,82,96,1.83,overcast clouds
346,Shellbrook,CA,2023-01-03 01:43:55,53.2168,-106.4011,7.83,91,16,6.11,few clouds
347,Morehead,US,2023-01-03 01:45:19,37.2711,-87.1764,64.94,97,100,8.05,moderate rain
348,Carutapera,BR,2023-01-03 01:45:19,-1.195,-46.02,76.14,88,30,5.44,scattered clouds
349,Pointe Michel,DM,2023-01-03 01:45:20,15.25,-61.3833,77.88,70,18,11.88,few clouds
350,Kunming,CN,2023-01-03 01:45:20,25.0389,102.7183,44.53,87,75,11.18,broken clouds
351,Aswan,EG,2023-01-03 01:45:21,24.0934,32.907,52.9,66,0,6.91,clear sky
352,Tiruvannamalai,IN,2023-01-03 01:45:21,12.2167,79.0667,69.57,85,1,2.33,clear sky
353,Sheridan,US,2023-01-03 01:45:22,44.8333,-106.9173,32.38,84,100,8.05,overcast clouds
354,Rawson,AR,2023-01-03 01:45:23,-43.3002,-65.1023,68.97,33,16,16.78,few clouds
355,Ribeira Grande,PT,2023-01-03 01:45:23,38.5167,-28.7,60.78,84,100,17.0,overcast clouds
356,Jiayuguan,CN,2023-01-03 01:40:35,39.8167,98.3,17.85,43,0,2.71,clear sky
357,Kizema,RU,2023-01-03 01:45:24,61.113,44.8302,12.47,86,80,10.25,broken clouds
358,Tabuk,PH,2023-01-03 01:45:24,17.4189,121.4443,71.92,97,100,5.55,overcast clouds
359,Ketchikan,US,2023-01-03 01:45:25,55.3422,-131.6461,39.18,93,100,5.75,moderate rain
360,Jumla,NP,2023-01-03 01:45:25,29.2747,82.1838,31.68,38,0,4.76,clear sky
361,Maningrida,AU,2023-01-03 01:45:26,-12.0667,134.2667,82.13,81,100,15.64,overcast clouds
362,Lima,PE,2023-01-03 01:40:56,-12.0432,-77.0282,71.91,76,40,17.27,scattered clouds
363,Salinas,US,2023-01-03 01:45:26,36.6777,-121.6555,55.08,70,100,10.36,overcast clouds
364,Menongue,AO,2023-01-03 01:45:27,-14.6585,17.691,61.02,98,100,5.39,light rain
365,Jiangyou,CN,2023-01-03 01:45:27,31.7667,104.7167,45.59,66,9,1.36,clear sky
366,Lahore,PK,2023-01-03 01:46:28,31.5497,74.3436,42.91,100,100,0.0,fog
367,Tsiroanomandidy,MG,2023-01-03 01:46:28,-18.7667,46.0333,65.84,96,100,4.72,light rain
368,Roma,US,2023-01-03 01:46:29,43.2128,-75.4557,38.88,87,100,0.0,overcast clouds
369,Prince Rupert,CA,2023-01-03 01:46:29,54.3161,-130.3201,42.49,84,100,21.85,light rain
370,Geraldton,AU,2023-01-03 01:42:14,-28.7667,114.6,97.21,14,61,19.57,broken clouds
371,Bonavista,CA,2023-01-03 01:46:30,48.6499,-53.1147,31.17,95,100,9.93,light snow
372,Kabo,CF,2023-01-03 01:46:30,7.6994,18.629,71.1,34,12,4.54,few clouds
373,Ust-Maya,RU,2023-01-03 01:46:30,60.4167,134.5333,-42.65,98,66,1.21,broken clouds
374,Belmonte,BR,2023-01-03 01:46:31,-15.8631,-38.8828,74.66,82,100,4.27,overcast clouds
375,Tracy,US,2023-01-03 01:42:03,37.7397,-121.4252,46.38,94,100,8.01,moderate rain
376,San Isidro,PE,2023-01-03 01:46:31,-12.1167,-77.05,72.01,77,40,17.27,scattered clouds
377,Severo-Yeniseyskiy,RU,2023-01-03 01:46:32,60.3725,93.0408,3.67,94,100,7.34,overcast clouds
378,Dukat,RU,2023-01-03 01:46:32,62.55,155.55,-30.62,100,57,5.39,broken clouds
379,Nador,MA,2023-01-03 01:46:33,35.174,-2.9287,53.85,82,0,4.61,clear sky
380,Whitehorse,CA,2023-01-03 01:46:33,60.7161,-135.0538,29.17,86,75,23.02,broken clouds
381,Hokitika,NZ,2023-01-03 01:46:33,-42.7167,170.9667,69.51,66,99,7.9,overcast clouds
382,Bayanday,RU,2023-01-03 01:46:34,53.0661,105.5139,-13.92,99,99,0.43,overcast clouds
383,Kerema,PG,2023-01-03 01:46:34,-7.9631,145.7785,86.72,59,28,7.34,scattered clouds
384,Kahului,US,2023-01-03 01:46:34,20.8947,-156.47,80.96,75,40,8.99,scattered clouds
385,Chimbote,PE,2023-01-03 01:44:56,-9.0853,-78.5783,67.96,88,100,6.8,overcast clouds
386,Avera,US,2023-01-03 01:46:35,33.194,-82.5271,60.31,74,7,6.78,clear sky
387,Itaituba,BR,2023-01-03 01:46:35,-4.2761,-55.9836,78.96,94,20,0.0,few clouds
388,Vestmannaeyjar,IS,2023-01-03 01:46:36,63.4427,-20.2734,38.23,80,100,9.28,overcast clouds
389,Youhao,CN,2023-01-03 01:46:36,47.8667,128.8333,1.9,76,7,5.68,clear sky
390,Milazzo,IT,2023-01-03 01:46:37,38.2212,15.2383,58.57,80,6,5.99,clear sky
391,Leh,IN,2023-01-03 01:46:37,34.1667,77.5833,-0.54,77,53,3.36,broken clouds
392,Vernon,CA,2023-01-03 01:46:16,50.2581,-119.2691,32.61,86,92,1.14,overcast clouds
393,Estelle,US,2023-01-03 01:46:38,29.8458,-90.1067,73.99,89,40,13.0,scattered clouds
394,Kirando,TZ,2023-01-03 01:46:38,-7.4167,30.6,71.29,79,100,6.38,light rain
395,Luwuk,ID,2023-01-03 01:46:39,-0.9516,122.7875,86.65,63,98,2.37,overcast clouds
396,Pacocha,PE,2023-01-03 01:46:39,-17.5833,-71.3333,69.1,85,97,4.65,overcast clouds
397,Umm Lajj,SA,2023-01-03 01:46:39,25.0213,37.2685,69.44,61,5,4.59,clear sky
398,Bani,DO,2023-01-03 01:46:40,18.2833,-70.3333,73.85,78,55,12.35,broken clouds
399,Tarabha,IN,2023-01-03 01:46:40,20.7333,83.65,61.23,77,0,0.78,clear sky
400,Kokopo,PG,2023-01-03 01:46:41,-4.352,152.2633,86.34,65,73,11.7,broken clouds
401,Asau,RO,2023-01-03 01:46:41,46.4333,26.4,29.32,76,44,7.16,scattered clouds
402,Pachino,IT,2023-01-03 01:46:42,36.7186,15.0907,56.53,84,1,6.13,clear sky
403,Thinadhoo,MV,2023-01-03 01:46:42,0.5333,72.9333,80.29,70,74,10.58,broken clouds
404,Saint Anthony,US,2023-01-03 01:46:20,45.0205,-93.218,26.55,90,100,3.44,mist
405,Mogadishu,SO,2023-01-03 01:46:42,2.0371,45.3438,77.47,74,100,19.82,overcast clouds
406,Wuda,CN,2023-01-03 01:46:43,39.4994,106.7117,22.86,36,0,0.43,clear sky
407,Aguilas,ES,2023-01-03 01:46:43,37.4063,-1.5829,57.87,56,58,4.25,broken clouds
408,Adrar,MR,2023-01-03 01:46:44,20.5022,-10.0711,64.08,17,0,8.81,clear sky
409,Aguimes,ES,2023-01-03 01:47:44,27.9054,-15.4461,63.23,70,0,10.0,clear sky
410,Alamogordo,US,2023-01-03 01:45:56,32.8995,-105.9603,43.61,65,0,10.36,clear sky
411,Varzea Da Palma,BR,2023-01-03 01:47:45,-17.5981,-44.7308,69.91,77,27,2.26,scattered clouds
412,Adre,TD,2023-01-03 01:47:45,13.4667,22.2,60.58,33,0,15.73,clear sky
413,Dwarka,IN,2023-01-03 01:47:45,22.2394,68.9678,68.18,44,4,12.88,clear sky
414,Kadaya,RU,2023-01-03 01:47:46,50.9327,119.2911,-25.96,99,52,1.63,broken clouds
415,Melfort,CA,2023-01-03 01:47:46,52.8667,-104.6177,12.33,79,5,11.5,clear sky
416,Eltville,DE,2023-01-03 01:47:47,50.0333,8.1167,47.48,92,40,4.0,scattered clouds
417,Acapulco,MX,2023-01-03 01:42:56,16.8634,-99.8901,80.42,78,40,6.91,scattered clouds
418,Deputatskiy,RU,2023-01-03 01:47:47,69.3,139.9,-40.22,99,48,4.88,scattered clouds
419,Mahon,ES,2023-01-03 01:47:48,39.8885,4.2658,54.16,100,75,5.75,fog
420,Sur,OM,2023-01-03 01:47:48,22.5667,59.5289,71.8,49,8,16.67,clear sky
421,Verkhoshizhemye,RU,2023-01-03 01:47:48,58.011,49.1038,21.6,91,100,13.33,light snow
422,Semirom,IR,2023-01-03 01:47:49,31.4167,51.5667,24.78,62,4,3.24,clear sky
423,Faanui,PF,2023-01-03 01:47:49,-16.4833,-151.75,81.59,70,69,15.26,broken clouds
424,Nobeoka,JP,2023-01-03 01:47:49,32.5833,131.6667,48.15,40,83,2.59,broken clouds
425,Mandalgovi,MN,2023-01-03 01:47:50,45.7625,106.2708,2.19,87,98,5.39,overcast clouds
426,Rocha,UY,2023-01-03 01:47:50,-34.4833,-54.3333,60.22,89,4,5.91,clear sky
427,Biltine,TD,2023-01-03 01:47:51,14.5333,20.9167,63.66,30,0,13.6,clear sky
428,Sangre Grande,TT,2023-01-03 01:47:51,10.5835,-61.1177,77.05,90,25,7.96,light rain
429,Moron,AR,2023-01-03 01:47:51,-34.6534,-58.6198,75.97,64,0,10.54,clear sky
430,Saint-Augustin,CA,2023-01-03 01:47:52,51.226,-58.6502,22.37,96,97,5.77,overcast clouds
431,Stornoway,GB,2023-01-03 01:47:52,58.2093,-6.3865,43.93,82,40,26.46,scattered clouds
432,Donskoye,RU,2023-01-03 01:47:52,45.4552,41.9741,48.33,85,63,9.55,broken clouds
433,Bayir,TR,2023-01-03 01:47:53,37.2687,28.2167,30.72,41,0,2.8,clear sky
434,Boende,CD,2023-01-03 01:47:53,-0.2167,20.8667,71.37,83,100,2.33,overcast clouds
435,Banjar,ID,2023-01-03 01:47:54,-8.19,114.9675,84.36,65,100,4.74,overcast clouds
436,Charlottesville,US,2023-01-03 01:47:04,38.0293,-78.4767,58.51,91,0,6.91,clear sky
437,Hovd,MN,2023-01-03 01:47:54,48.0056,91.6419,-3.95,77,99,1.97,overcast clouds
438,Imeni Zhelyabova,RU,2023-01-03 01:47:55,58.9544,36.5956,13.71,98,100,1.5,overcast clouds
439,Bafq,IR,2023-01-03 01:47:55,31.6128,55.4107,37.96,46,0,0.54,clear sky
440,Abalak,RU,2023-01-03 01:47:55,58.1286,68.5944,17.6,92,100,12.55,overcast clouds
441,Plettenberg Bay,ZA,2023-01-03 01:47:56,-34.0527,23.3716,69.98,74,0,2.46,clear sky
442,Kavieng,PG,2023-01-03 01:45:42,-2.5744,150.7967,85.19,69,47,8.55,scattered clouds
443,Richards Bay,ZA,2023-01-03 01:47:56,-28.783,32.0377,71.85,84,98,7.65,overcast clouds
444,Beyneu,KZ,2023-01-03 01:47:57,45.3167,55.2,38.77,90,90,18.63,overcast clouds
445,Santa Isabel Do Rio Negro,BR,2023-01-03 01:47:57,-0.4139,-65.0192,72.82,94,100,2.15,overcast clouds
446,Novoilinsk,RU,2023-01-03 01:47:57,51.6829,108.7143,-16.46,99,69,1.61,broken clouds
447,Siderno,IT,2023-01-03 01:47:58,38.2779,16.302,52.34,77,0,6.38,clear sky
448,Labrea,BR,2023-01-03 01:47:58,-7.2586,-64.7981,73.27,97,100,3.27,overcast clouds
449,Cobija,BO,2023-01-03 01:47:59,-11.0267,-68.7692,77.92,71,98,3.8,overcast clouds
450,Steinbach,DE,2023-01-03 01:46:16,50.1667,8.5667,46.87,93,0,6.91,clear sky
451,Berbera,SO,2023-01-03 01:47:59,10.4396,45.0143,75.94,73,100,11.81,light rain
452,Tual,ID,2023-01-03 01:47:59,-5.6667,132.75,83.7,75,100,14.18,overcast clouds
453,Mizan Teferi,ET,2023-01-03 01:48:00,6.9833,35.5833,60.04,82,43,2.95,scattered clouds
454,Ghanzi,BW,2023-01-03 01:48:00,-21.5667,21.7833,68.74,79,4,6.24,clear sky
455,Ulagan,RU,2023-01-03 01:49:01,50.6321,87.9563,0.21,89,100,2.35,overcast clouds
456,Ponta Do Sol,PT,2023-01-03 01:49:01,32.6667,-17.1,61.72,70,94,8.03,overcast clouds
457,Luderitz,NA,2023-01-03 01:49:02,-26.6481,15.1594,64.13,88,31,7.7,scattered clouds
458,Korla,CN,2023-01-03 01:49:02,41.7597,86.1469,16.48,64,39,4.21,scattered clouds
459,Alta Floresta,BR,2023-01-03 01:49:03,-9.8756,-56.0861,71.24,98,100,3.2,light rain
460,Pisco,PE,2023-01-03 01:49:03,-13.7,-76.2167,69.03,88,0,21.85,heavy intensity rain
461,Lavrentiya,RU,2023-01-03 01:49:04,65.5833,-171.0,-9.17,83,100,7.74,overcast clouds
462,Redwater,US,2023-01-03 01:49:04,33.3582,-94.2544,70.09,90,100,14.94,overcast clouds
463,Lucapa,AO,2023-01-03 01:49:05,-8.4192,20.7447,64.35,98,100,3.6,light rain
464,Yerbogachen,RU,2023-01-03 01:49:05,61.2767,108.0108,1.56,96,100,10.33,light snow
465,Opuwo,NA,2023-01-03 01:49:06,-18.0607,13.84,64.76,80,89,7.38,overcast clouds
466,Lata,PT,2023-01-03 01:49:07,40.1629,-8.3327,40.91,92,0,2.84,clear sky
467,Hailar,CN,2023-01-03 01:49:07,49.2,119.7,-15.0,95,14,4.54,few clouds
468,Menzelinsk,RU,2023-01-03 01:49:08,55.7271,53.1026,21.51,91,84,15.1,broken clouds
469,Millet,CA,2023-01-03 01:46:16,53.1001,-113.4687,24.31,74,89,9.15,overcast clouds
470,Chuy,UY,2023-01-03 01:49:08,-33.6971,-53.4616,63.63,85,0,7.72,clear sky
471,Corumba,BR,2023-01-03 01:49:09,-19.0092,-57.6533,74.93,90,100,2.37,heavy intensity rain
472,Kalaleh,IR,2023-01-03 01:49:09,37.3807,55.4916,34.16,23,0,3.83,clear sky
473,Kang,BW,2023-01-03 01:49:09,-23.6752,22.7876,70.75,58,65,5.41,broken clouds
474,Severobaykalsk,RU,2023-01-03 01:49:10,55.65,109.3167,-5.39,78,99,1.95,overcast clouds
475,Omaruru,NA,2023-01-03 01:49:10,-21.4333,15.9333,73.11,56,98,5.57,overcast clouds
476,Khandyga,RU,2023-01-03 01:49:11,62.6667,135.6,-50.78,100,86,2.08,overcast clouds
477,Waipawa,NZ,2023-01-03 01:49:12,-41.4122,175.5153,70.36,57,16,17.07,few clouds
478,Kamenka,RU,2023-01-03 01:49:12,51.3223,42.7678,29.17,84,43,7.09,scattered clouds
479,Lexington,US,2023-01-03 01:47:09,37.9887,-84.4777,62.49,86,40,5.75,scattered clouds
480,Praia Da Vitoria,PT,2023-01-03 01:49:14,38.7333,-27.0667,59.76,82,20,12.35,few clouds
481,Salalah,OM,2023-01-03 01:49:14,17.0151,54.0924,69.89,64,0,4.61,clear sky
482,Arrifes,PT,2023-01-03 01:49:15,37.7667,-25.7,57.45,82,20,12.66,few clouds
483,Moose Factory,CA,2023-01-03 01:49:15,51.2585,-80.6094,15.8,86,100,9.22,overcast clouds
484,Mbini,GQ,2023-01-03 01:49:16,1.574,9.6134,78.6,82,99,3.98,light rain
485,Yaan,NG,2023-01-03 01:49:17,7.3833,8.5667,75.99,29,100,7.9,overcast clouds
486,San Jeronimo,PE,2023-01-03 01:49:17,-11.9472,-75.2829,51.35,87,100,3.38,overcast clouds
487,Aksarka,RU,2023-01-03 01:49:18,66.5606,67.7975,1.27,96,100,14.79,snow
488,Pedasi,PA,2023-01-03 01:49:19,7.5333,-80.0333,78.06,82,9,3.98,light rain
489,Nome,US,2023-01-03 01:49:19,64.5011,-165.4064,15.87,79,100,9.22,overcast clouds
490,Kashary,RU,2023-01-03 01:49:19,49.04,41.0056,38.17,92,100,4.34,overcast clouds
491,Luba,GQ,2023-01-03 01:49:20,3.4568,8.5547,79.36,73,62,3.06,broken clouds
492,Poum,NC,2023-01-03 01:49:21,-20.2333,164.0167,78.8,66,12,11.36,few clouds
493,Victoria,HK,2023-01-03 01:47:36,22.2855,114.1577,64.26,75,96,11.01,overcast clouds
494,Namatanai,PG,2023-01-03 01:49:22,-3.6667,152.4333,85.89,67,37,7.05,light rain
495,Mpulungu,ZM,2023-01-03 01:49:22,-8.7623,31.1141,69.55,80,91,4.7,overcast clouds
496,Gacko,BA,2023-01-03 01:49:23,43.1672,18.5353,42.3,87,97,1.01,overcast clouds
497,Jiuquan,CN,2023-01-03 01:49:23,39.7432,98.5174,16.05,56,0,3.6,clear sky
498,Cairo Montenotte,IT,2023-01-03 01:49:24,44.4031,8.2746,55.13,92,100,0.94,overcast clouds
499,Mumford,GH,2023-01-03 01:49:24,5.2618,-0.759,77.14,83,69,4.52,broken clouds
500,Nampa,US,2023-01-03 01:45:25,43.5407,-116.5635,31.64,83,0,5.75,clear sky
501,Kaeo,NZ,2023-01-03 01:50:25,-35.1,173.7833,72.32,75,100,17.65,overcast clouds
502,Nelson Bay,AU,2023-01-03 01:50:26,-32.7167,152.15,84.25,68,0,18.01,clear sky
503,Ashtian,IR,2023-01-03 01:50:26,34.5217,50.0019,26.56,46,0,1.72,clear sky
504,Amga,RU,2023-01-03 01:50:27,60.8953,131.9608,-40.88,100,88,2.26,overcast clouds
505,Muzhi,RU,2023-01-03 01:50:28,65.3667,64.6667,3.0,96,100,10.74,light snow
506,Kainantu,PG,2023-01-03 01:50:28,-6.2887,145.8655,79.43,43,98,1.45,overcast clouds
507,Rio Gallegos,AR,2023-01-03 01:50:07,-51.6226,-69.2181,55.45,67,0,34.52,clear sky
508,Damghan,IR,2023-01-03 01:50:29,36.1683,54.348,31.37,35,0,2.17,clear sky
509,Verkh-Suetka,RU,2023-01-03 01:50:29,53.3,80.05,18.12,93,91,13.18,overcast clouds
510,Tunceli,TR,2023-01-03 01:50:30,39.1083,39.5471,38.16,26,0,3.56,clear sky
511,Pingliang,CN,2023-01-03 01:50:30,35.5392,106.6861,29.59,44,0,1.39,clear sky
512,Montreal,CA,2023-01-03 01:50:04,45.5088,-73.5878,37.0,86,100,8.05,overcast clouds
513,Camocim,BR,2023-01-03 01:50:31,-2.9022,-40.8411,78.17,84,28,10.94,scattered clouds
514,Inverell,AU,2023-01-03 01:50:31,-29.7833,151.1167,87.67,51,18,1.99,few clouds
515,Mirador,BR,2023-01-03 01:50:31,-6.3708,-44.3631,74.23,85,100,1.9,overcast clouds
516,Chifeng,CN,2023-01-03 01:50:32,42.2683,118.9636,13.77,39,0,4.79,clear sky
517,Saint Andrews,US,2023-01-03 01:50:32,34.0454,-81.1293,60.01,78,0,0.0,clear sky
518,Baracoa,CU,2023-01-03 01:50:33,20.3467,-74.4958,76.78,83,59,12.8,broken clouds
519,Ljubinje,BA,2023-01-03 01:50:33,42.9508,18.0886,41.63,88,100,1.95,overcast clouds
520,Gaoua,BF,2023-01-03 01:50:33,10.2992,-3.2508,66.72,18,5,4.94,clear sky
521,Bandarbeyla,SO,2023-01-03 01:50:34,9.4942,50.8122,75.78,72,84,19.33,light rain
522,Swan Hill,AU,2023-01-03 01:50:34,-35.3378,143.5544,83.66,31,0,13.06,clear sky
523,Ropczyce,PL,2023-01-03 01:50:34,50.0523,21.6089,46.81,89,91,7.11,overcast clouds
524,Cabedelo,BR,2023-01-03 01:48:33,-6.9811,-34.8339,79.47,80,91,11.41,overcast clouds
525,Chokwe,MZ,2023-01-03 01:50:35,-24.5333,32.9833,68.45,97,1,4.72,clear sky
526,Marawi,PH,2023-01-03 01:50:35,7.9986,124.2928,69.55,95,100,2.84,overcast clouds
527,Katherine,AU,2023-01-03 01:50:36,-14.4667,132.2667,84.52,74,100,14.97,overcast clouds
528,Nanakuli,US,2023-01-03 01:50:36,21.3906,-158.1547,80.55,59,0,11.5,clear sky
529,Kamaishi,JP,2023-01-03 01:50:36,39.2667,141.8833,33.93,56,5,18.61,clear sky
530,Ilesha,NG,2023-01-03 01:50:37,7.1371,5.2583,69.33,39,94,2.1,overcast clouds
531,Xiaoyi,CN,2023-01-03 01:50:37,34.6178,109.703,39.96,42,0,2.73,clear sky
532,Tallahassee,US,2023-01-03 01:47:46,30.4383,-84.2807,69.64,92,75,0.0,mist
533,Aksu,CN,2023-01-03 01:50:38,41.1231,80.2644,16.25,53,0,2.28,clear sky
534,Payo,ID,2023-01-03 01:50:38,-3.7508,103.6372,77.49,83,100,2.93,moderate rain
535,Lundamo,NO,2023-01-03 01:50:39,63.1333,10.3,21.99,78,96,4.9,overcast clouds
536,Nalut,LY,2023-01-03 01:50:39,30.3333,10.85,49.42,73,0,9.57,clear sky
537,Ushtobe,KZ,2023-01-03 01:50:39,45.2514,77.9838,29.17,74,100,10.31,overcast clouds
538,Troitskoye,RU,2023-01-03 01:50:40,52.9821,84.6757,14.58,91,100,6.6,overcast clouds
539,Ahuimanu,US,2023-01-03 01:45:57,21.4447,-157.8378,80.31,74,20,9.22,few clouds
540,Muros,ES,2023-01-03 01:50:40,42.7762,-9.0603,47.68,75,53,7.92,broken clouds
541,Skjervoy,NO,2023-01-03 01:50:41,70.0311,20.9714,24.8,77,100,9.35,light snow
542,Miyako,JP,2023-01-03 01:50:41,39.6367,141.9525,34.54,45,10,14.74,clear sky
543,Fairbanks,US,2023-01-03 01:47:09,64.8378,-147.7164,12.16,86,20,0.0,few clouds
544,Cascais,PT,2023-01-03 01:48:48,38.6979,-9.4215,51.98,81,1,5.01,clear sky
545,Liverpool,GB,2023-01-03 01:50:42,53.4106,-2.9779,38.52,91,0,9.22,clear sky
546,Mount Isa,AU,2023-01-03 01:50:42,-20.7333,139.5,83.97,65,100,8.05,light rain
547,Kushmurun,KZ,2023-01-03 01:50:42,52.4503,64.6311,33.51,97,100,17.31,light snow
548,Eresos,GR,2023-01-03 01:51:43,39.1667,25.9333,53.98,59,0,1.66,clear sky
549,Isangel,VU,2023-01-03 01:51:43,-19.55,169.2667,84.6,69,18,9.55,few clouds
550,Safonovo,RU,2023-01-03 01:51:44,55.15,33.2167,35.02,99,100,8.55,snow
551,Kendari,ID,2023-01-03 01:51:44,-3.945,122.4989,85.53,67,100,1.5,overcast clouds
552,Te Anau,NZ,2023-01-03 01:51:45,-45.4167,167.7167,74.82,44,100,5.82,overcast clouds
553,Storforshei,NO,2023-01-03 01:51:45,66.4043,14.5233,20.98,92,100,0.0,overcast clouds
554,Bocas Del Toro,PA,2023-01-03 01:51:45,9.3333,-82.25,77.38,79,20,2.51,moderate rain
555,Arman,RU,2023-01-03 01:51:46,59.7,150.1667,-0.18,80,100,16.31,overcast clouds
556,Bolivar,US,2023-01-03 01:51:46,37.6145,-93.4105,61.56,94,100,3.0,overcast clouds
557,Fort Wellington,GY,2023-01-03 01:51:47,6.4,-57.6,75.69,90,100,7.65,overcast clouds
558,Souillac,MU,2023-01-03 01:51:47,-20.5167,57.5167,73.78,94,40,5.75,scattered clouds
559,Dalbandin,PK,2023-01-03 01:51:47,28.8947,64.4101,41.61,33,4,6.2,clear sky
560,Sturgis,US,2023-01-03 01:51:48,41.7992,-85.4192,45.07,99,100,5.75,mist
561,Yarmouth,US,2023-01-03 01:51:48,41.7057,-70.2286,42.96,86,0,7.0,clear sky
562,Khasan,RU,2023-01-03 01:51:48,42.4308,130.6434,22.15,36,1,19.15,clear sky
563,Miri,MY,2023-01-03 01:51:49,4.4148,114.0089,78.94,89,40,4.61,scattered clouds
564,Oksfjord,NO,2023-01-03 01:51:49,70.2396,22.3479,33.98,97,100,0.34,light snow
565,Batemans Bay,AU,2023-01-03 01:51:49,-35.7167,150.1833,70.11,78,87,9.35,overcast clouds
566,Hofn,IS,2023-01-03 01:51:50,64.2539,-15.2082,44.28,85,100,33.58,overcast clouds
567,Choctaw,US,2023-01-03 01:50:08,35.4976,-97.2689,65.01,83,0,11.5,clear sky
568,Lethem,GY,2023-01-03 01:51:50,3.3803,-59.7968,75.56,86,83,8.03,broken clouds
569,Vostok,RU,2023-01-03 01:51:51,46.4856,135.8833,-4.18,88,100,8.28,overcast clouds
570,Ambilobe,MG,2023-01-03 01:51:51,-13.2,49.05,71.94,93,60,3.78,broken clouds
571,Luoyang,CN,2023-01-03 01:51:52,34.6836,112.4536,39.99,36,0,3.04,clear sky
572,Guiberoua,CI,2023-01-03 01:51:52,6.2392,-6.1727,63.63,50,23,1.61,few clouds
573,Hami,CN,2023-01-03 01:51:52,42.8,93.45,18.12,55,90,2.04,overcast clouds
574,Bakchar,RU,2023-01-03 01:51:53,57.0186,82.0711,1.56,97,87,5.82,overcast clouds
575,Dimasalang,PH,2023-01-03 01:51:53,12.1923,123.8592,75.58,96,100,14.16,very heavy rain
576,Coracao De Jesus,BR,2023-01-03 01:51:54,-16.6853,-44.365,66.61,82,14,5.46,few clouds
577,Togur,RU,2023-01-03 01:51:54,58.3631,82.8265,-3.69,99,97,6.76,overcast clouds
578,Canchungo,GW,2023-01-03 01:51:54,12.0672,-16.0333,71.71,70,97,4.74,overcast clouds
579,Broome,US,2023-01-03 01:51:55,42.2506,-75.833,44.55,81,0,3.44,clear sky
580,Abeche,TD,2023-01-03 01:51:55,13.8292,20.8324,63.81,32,0,10.02,clear sky
581,Chenzhou,CN,2023-01-03 01:51:55,25.8,113.0333,44.71,65,95,4.47,overcast clouds
582,Kloulklubed,PW,2023-01-03 01:51:56,7.0419,134.2556,83.21,75,97,15.66,overcast clouds
583,Altay,CN,2023-01-03 01:51:56,47.8667,88.1167,14.34,79,100,4.03,overcast clouds
584,Jackson,US,2023-01-03 01:51:57,42.4165,-122.8345,39.99,83,100,3.44,overcast clouds
585,Hervey Bay,AU,2023-01-03 01:51:57,-25.2986,152.8535,76.24,63,0,7.61,clear sky
586,Richmond,US,2023-01-03 01:48:53,37.5538,-77.4603,59.14,83,100,8.05,overcast clouds
587,Bambanglipuro,ID,2023-01-03 01:51:57,-7.95,110.2833,81.21,77,97,12.77,overcast clouds
588,Komsomolskiy,UZ,2023-01-03 01:51:58,40.4272,71.7189,29.12,93,100,2.3,fog
589,Tambo,PE,2023-01-03 01:51:58,-14.8,-73.9167,37.53,96,100,6.53,overcast clouds
590,Huilong,CN,2023-01-03 01:51:58,31.8111,121.655,44.38,55,10,7.11,clear sky
591,Iracoubo,GF,2023-01-03 01:51:59,5.4802,-53.2011,75.54,91,98,8.63,overcast clouds
592,Pozo Colorado,PY,2023-01-03 01:51:59,-23.4923,-58.7972,75.81,89,100,3.4,overcast clouds
593,Kysyl-Syr,RU,2023-01-03 01:52:00,63.8986,122.7617,-22.4,99,100,3.11,overcast clouds
594,Salvador,SV,2023-01-03 01:52:00,13.8333,-88.9167,72.05,91,4,1.86,clear sky
595,Ayan,RU,2023-01-03 01:53:00,56.45,138.1667,-7.98,65,100,20.0,overcast clouds
596,Teya,RU,2023-01-03 01:53:01,60.3778,92.6267,6.73,93,100,5.84,overcast clouds
597,Berezovyy,RU,2023-01-03 01:53:01,51.6667,135.7,-7.53,74,4,3.53,clear sky
598,Korsakov,RU,2023-01-03 01:53:02,46.6328,142.7813,1.24,68,50,10.98,scattered clouds
599,Hobyo,SO,2023-01-03 01:53:02,5.3505,48.5268,77.63,65,41,21.12,scattered clouds
600,Obidos,BR,2023-01-03 01:53:03,-1.9175,-55.5181,74.3,91,93,2.82,overcast clouds
601,Karpogory,RU,2023-01-03 01:53:04,64.0019,44.4451,-8.99,100,35,3.98,scattered clouds
602,Laguna,US,2023-01-03 01:53:04,38.421,-121.4238,45.75,93,100,9.22,moderate rain
603,Bandar-E Lengeh,IR,2023-01-03 01:53:05,26.5579,54.8807,69.94,36,100,13.73,overcast clouds
604,San Benito,US,2023-01-03 01:53:05,36.6166,-121.0844,40.5,70,98,10.33,overcast clouds
605,Bontang,ID,2023-01-03 01:53:06,0.1333,117.5,81.23,78,100,3.04,light rain
606,Am Timan,TD,2023-01-03 01:53:06,11.0297,20.2827,69.33,32,30,5.86,scattered clouds
607,Moranbah,AU,2023-01-03 01:53:07,-22.0016,148.0466,90.14,34,0,1.68,clear sky
608,Grootfontein,NA,2023-01-03 01:53:07,-19.5667,18.1167,63.97,94,27,2.3,scattered clouds
609,Diu,IN,2023-01-03 01:53:08,20.7141,70.9822,62.85,43,61,11.45,broken clouds
610,General Cepeda,MX,2023-01-03 01:53:08,25.3833,-101.45,66.07,25,7,7.67,clear sky
611,Talcahuano,CL,2023-01-03 01:53:08,-36.7167,-73.1167,60.48,63,0,18.41,clear sky
612,Bardiyah,LY,2023-01-03 01:53:09,31.7561,25.0865,61.59,77,86,18.14,moderate rain
613,Basco,PH,2023-01-03 01:53:10,20.4487,121.9702,75.63,74,83,26.24,broken clouds
614,Arbazh,RU,2023-01-03 01:53:11,57.6804,48.3065,22.26,88,100,14.65,light snow
615,Kanigoro,ID,2023-01-03 01:53:11,-8.13,112.219,82.17,67,82,4.63,broken clouds
616,Kardymovo,RU,2023-01-03 01:53:12,54.8902,32.4311,39.99,98,100,13.27,light rain
617,Russell,US,2023-01-03 01:53:14,32.3502,-85.1999,69.08,100,0,0.0,clear sky
618,Birjand,IR,2023-01-03 01:53:14,32.8663,59.2211,18.07,67,0,6.91,clear sky
619,Seymchan,RU,2023-01-03 01:53:15,62.8833,152.4333,-42.84,99,99,1.01,overcast clouds
620,Kharan,PK,2023-01-03 01:53:15,28.5833,65.4167,44.33,35,0,9.19,clear sky
621,Nabire,ID,2023-01-03 01:53:17,-3.3667,135.4833,85.82,67,100,4.0,overcast clouds
622,Chanika,TZ,2023-01-03 01:53:18,-5.4167,38.0167,64.42,97,26,2.66,scattered clouds
623,Pundaguitan,PH,2023-01-03 01:53:18,6.3711,126.1689,78.46,85,100,7.14,overcast clouds
624,Biu,NG,2023-01-03 01:53:19,10.6129,12.1946,60.3,41,62,9.69,broken clouds
625,Los Llanos De Aridane,ES,2023-01-03 01:53:19,28.6585,-17.9182,62.35,89,100,9.22,overcast clouds
626,Mersin,TR,2023-01-03 01:53:20,36.862,34.6509,51.12,28,0,6.17,clear sky
627,Kottagudem,IN,2023-01-03 01:53:21,17.55,80.6333,70.27,80,59,3.15,broken clouds
628,Palora,EC,2023-01-03 01:53:22,-1.7,-77.9333,64.89,96,96,1.32,overcast clouds
629,Gubkin,RU,2023-01-03 01:53:22,51.2817,37.5458,37.53,95,100,7.36,overcast clouds
630,Palu,ID,2023-01-03 01:53:23,-0.8917,119.8707,86.5,64,97,3.22,overcast clouds
631,Mahanoro,MG,2023-01-03 01:52:08,-19.9,48.8,73.13,80,99,4.14,overcast clouds
632,Sesheke,ZM,2023-01-03 01:53:25,-17.4759,24.2968,64.29,95,100,3.58,overcast clouds
633,Ballina,AU,2023-01-03 01:53:27,-28.8667,153.5667,82.02,62,28,9.55,scattered clouds
634,Guarapari,BR,2023-01-03 01:53:27,-20.6667,-40.4975,71.89,92,4,8.88,clear sky
635,Namibe,AO,2023-01-03 01:53:27,-15.1961,12.1522,73.69,91,100,7.74,light rain
636,Margineni,RO,2023-01-03 01:53:28,46.9,26.6333,46.17,67,92,4.25,overcast clouds
637,Karoi,ZW,2023-01-03 01:53:28,-16.8099,29.6925,62.42,93,100,2.91,overcast clouds
638,Golden,US,2023-01-03 01:53:29,39.7555,-105.2211,27.88,93,100,7.0,mist
639,Bure,ET,2023-01-03 01:53:29,10.7,37.0667,59.54,62,85,1.28,overcast clouds
640,Tamandare,BR,2023-01-03 01:53:29,-8.7597,-35.1047,78.82,74,100,7.74,overcast clouds
641,Mpanda,TZ,2023-01-03 01:53:30,-6.3655,31.0409,64.11,87,86,1.01,overcast clouds
642,Havre-Saint-Pierre,CA,2023-01-03 01:54:30,50.2334,-63.5986,21.2,72,0,4.61,clear sky
643,Valparaiso,CL,2023-01-03 01:54:31,-33.0393,-71.6273,62.24,72,0,3.44,clear sky
644,Trairi,BR,2023-01-03 01:50:48,-3.2778,-39.2689,78.21,82,78,8.7,broken clouds
645,Andenes,NO,2023-01-03 01:54:31,69.3143,16.1194,35.58,69,75,17.27,broken clouds
646,Okhotsk,RU,2023-01-03 01:52:31,59.3833,143.3,0.05,70,100,24.76,overcast clouds
647,Kattivakkam,IN,2023-01-03 01:54:32,13.2167,80.3167,75.29,72,35,8.32,scattered clouds
648,Ucluelet,CA,2023-01-03 01:54:32,48.9329,-125.5528,48.09,68,100,1.01,overcast clouds
649,Nanortalik,GL,2023-01-03 01:54:32,60.1432,-45.2371,10.65,63,88,13.0,overcast clouds
650,Zhangjiakou,CN,2023-01-03 01:54:33,40.81,114.8794,18.73,41,19,1.25,few clouds
651,Vallenar,CL,2023-01-03 01:54:33,-28.5708,-70.7581,71.2,52,0,3.2,clear sky
652,Sal Rei,CV,2023-01-03 01:54:34,16.1833,-22.9167,73.13,75,31,18.07,scattered clouds
653,Naila,DE,2023-01-03 01:54:34,50.3167,11.7,44.89,86,75,11.5,broken clouds
654,Great Falls,US,2023-01-03 01:54:34,47.5002,-111.3008,29.68,74,0,3.44,clear sky
655,Oriximina,BR,2023-01-03 01:54:35,-1.7656,-55.8661,74.53,91,79,3.11,broken clouds
656,Monastyrishche,RU,2023-01-03 01:54:35,44.1931,132.4972,6.17,80,9,5.08,clear sky
657,San Policarpo,PH,2023-01-03 01:54:35,12.1791,125.5072,78.76,90,100,17.36,light rain
658,Loubomo,CG,2023-01-03 01:54:36,-4.1997,12.6739,70.09,97,100,2.39,overcast clouds
659,Mananjary,MG,2023-01-03 01:54:36,-21.2167,48.3333,74.12,84,100,4.79,overcast clouds
660,Quatre Cocos,MU,2023-01-03 01:54:36,-20.2078,57.7625,74.08,74,100,5.57,overcast clouds
661,Great Yarmouth,GB,2023-01-03 01:50:18,52.6083,1.7305,36.01,88,2,8.43,clear sky
662,Mosquera,CO,2023-01-03 01:53:25,4.7059,-74.2302,55.49,88,75,3.44,broken clouds
663,Samana,DO,2023-01-03 01:54:37,19.2056,-69.3369,73.22,87,14,8.03,few clouds
664,Tynset,NO,2023-01-03 01:54:38,62.2759,10.7824,-6.18,77,14,2.46,few clouds
665,Meulaboh,ID,2023-01-03 01:54:38,4.1363,96.1285,77.58,85,62,3.44,broken clouds
666,Dapdap,PH,2023-01-03 01:54:39,12.062,125.4881,78.73,90,100,16.26,moderate rain
667,Caconda,AO,2023-01-03 01:54:39,-13.7333,15.0667,57.97,98,100,5.68,moderate rain
668,Anori,BR,2023-01-03 01:54:40,-3.7728,-61.6442,72.64,97,100,0.78,overcast clouds
669,Oudtshoorn,ZA,2023-01-03 01:54:40,-33.5907,22.2014,64.76,57,0,2.84,clear sky
670,Matamoros,MX,2023-01-03 01:53:28,25.5333,-103.25,62.11,30,0,3.58,clear sky
671,Salamiyah,SY,2023-01-03 01:54:41,35.0113,37.0532,43.18,53,9,7.29,clear sky
672,Pervomayskiy,RU,2023-01-03 01:54:41,53.2485,40.2871,30.69,78,100,6.76,light snow
673,Sabang,ID,2023-01-03 01:54:41,5.8933,95.3214,79.72,77,100,12.95,overcast clouds
674,Bukachacha,RU,2023-01-03 01:54:42,52.9833,116.9167,-5.28,73,15,1.3,few clouds
675,Muroto,JP,2023-01-03 01:54:42,33.2833,134.15,48.42,53,44,6.71,scattered clouds
676,Petrov Val,RU,2023-01-03 01:54:43,50.1434,45.2096,31.24,74,41,13.31,scattered clouds
677,Kouango,CF,2023-01-03 01:54:43,4.9934,19.9619,75.83,44,2,4.92,clear sky
678,Chapais,CA,2023-01-03 01:54:44,49.7834,-74.8492,26.38,95,97,6.42,overcast clouds
679,Kargopol,RU,2023-01-03 01:54:44,61.5071,38.9456,5.83,99,76,3.62,broken clouds
680,Shambu,ET,2023-01-03 01:54:44,9.5667,37.1,52.7,67,71,1.63,broken clouds
681,Wasilla,US,2023-01-03 01:54:45,61.5814,-149.4394,38.07,73,0,13.8,clear sky
682,Pasighat,IN,2023-01-03 01:54:45,28.0667,95.3333,60.31,51,9,0.94,clear sky
683,Srednekolymsk,RU,2023-01-03 01:54:46,67.45,153.6833,-37.62,99,92,6.96,overcast clouds
684,Pervomayskoye,RU,2023-01-03 01:54:46,43.919,46.7102,46.8,70,87,9.1,overcast clouds
685,Porto Walter,BR,2023-01-03 01:54:46,-8.2686,-72.7439,77.23,75,85,5.97,overcast clouds
686,Ixtapa,MX,2023-01-03 01:54:47,20.7,-105.2,73.22,82,91,1.01,overcast clouds
687,Kudahuvadhoo,MV,2023-01-03 01:54:47,2.6708,72.8944,80.53,67,43,13.24,scattered clouds
688,Ust-Nera,RU,2023-01-03 01:55:48,64.5667,143.2,-42.92,97,64,3.13,broken clouds
689,Chiredzi,ZW,2023-01-03 01:55:48,-21.05,31.6667,66.65,83,0,2.08,clear sky
690,Moyale,KE,2023-01-03 01:55:49,3.5167,39.0584,65.84,72,33,7.29,scattered clouds
691,Parabel,RU,2023-01-03 01:55:49,58.6978,81.4825,-4.09,99,100,7.74,overcast clouds
692,Sussex,US,2023-01-03 01:55:50,41.1834,-74.6663,51.89,87,100,0.0,overcast clouds
693,Conde,BR,2023-01-03 01:55:50,-7.2597,-34.9075,78.26,83,20,8.05,few clouds
694,Chernigovka,RU,2023-01-03 01:54:58,44.3389,132.5728,5.07,82,10,4.85,clear sky
695,Kashmor,PK,2023-01-03 01:55:51,28.4333,69.5833,53.89,35,2,7.76,clear sky
696,Hamilton,US,2023-01-03 01:52:12,39.1834,-84.5333,60.01,90,100,3.44,overcast clouds
697,Riberalta,BO,2023-01-03 01:55:52,-10.9833,-66.1,73.44,87,23,3.58,few clouds
698,Maamba,ZM,2023-01-03 01:55:52,-17.3667,27.15,66.13,95,100,1.77,light rain
699,Alice Springs,AU,2023-01-03 01:55:52,-23.7,133.8833,94.55,40,62,17.27,broken clouds
700,Xiazhen,CN,2023-01-03 01:55:53,34.8022,117.1117,40.28,41,0,3.91,clear sky
701,Shakhtinsk,KZ,2023-01-03 01:55:53,49.71,72.5872,26.02,90,100,23.67,light snow
702,Tiznit,MA,2023-01-03 01:55:54,29.5833,-9.5,57.13,30,88,4.76,overcast clouds
703,Thunder Bay,CA,2023-01-03 01:54:03,48.4001,-89.3168,26.58,74,100,6.91,overcast clouds
704,Kumylzhenskaya,RU,2023-01-03 01:55:54,49.8809,42.5898,31.98,90,93,6.13,overcast clouds
705,Mackay,AU,2023-01-03 01:55:55,-21.15,149.2,88.68,66,31,8.72,scattered clouds
706,College,US,2023-01-03 01:55:55,64.8569,-147.8028,4.89,96,100,3.74,overcast clouds
707,Mizdah,LY,2023-01-03 01:55:56,31.4451,12.9801,49.42,93,14,6.82,few clouds
708,Luvianos,MX,2023-01-03 01:55:56,18.9167,-100.4,62.33,44,92,4.38,overcast clouds
709,Taltal,CL,2023-01-03 01:55:57,-25.4,-70.4833,66.83,81,11,2.64,few clouds
710,Bairiki,KI,2023-01-03 01:55:57,1.3292,172.9752,87.8,66,20,9.22,few clouds
